{"Days":[{"Header":"Måndag 2/3","Lessons":[{"text":"BIOBIO01\r\nSANHU\r\nD228,","start":"08:10","end":"09:30","x":147,"y":-91,"color":"#D9D9D9"},{"text":"SVESVE01 JOHLE H420,","start":"10:00","end":"11:10","x":26,"y":-223,"color":"#D9D9D9"},{"text":"SVASVA01 SELHA H415,","start":"10:00","end":"11:10","x":295,"y":-223,"color":"#D9D9D9"},{"text":"KEMKEM01\r\nSANHU\r\nD228,","start":"11:20","end":"12:20","x":151,"y":-317,"color":"#D9D9D9"},{"text":"Lunch\r\n,","start":"12:25","end":"12:55","x":37,"y":-379,"color":"#D9D9D9"},{"text":"ENGENG05\r\nHEJOM\r\nH415,","start":"13:00","end":"14:00","x":150,"y":-442,"color":"#D9D9D9"},{"text":"MODSPA03\r\nARIVA\r\nH406, MODSPA03\r\nSANGR\r\nH422, MODDEU03\r\nINGES\r\nH418,","start":"14:30","end":"15:50","x":82,"y":-567,"color":"#D9D9D9"}]},{"Header":"Tisdag 3/3","Lessons":[{"text":"ENGENG05\r\nHEJOM\r\nH408,","start":"08:10","end":"09:30","x":150,"y":-91,"color":"#D9D9D9"},{"text":"MATMAT02c\r\nJOHAL\r\nT219,","start":"09:50","end":"10:50","x":153,"y":-204,"color":"#D9D9D9"},{"text":"Lunch\r\n,","start":"11:00","end":"11:30","x":37,"y":-273,"color":"#D9D9D9"},{"text":"IDRIDR01\r\nAGNIS\r\nVAHC,F11,P12","start":"12:00","end":"13:20","x":133,"y":-379,"color":"#D9D9D9"},{"text":"BIOBIO01\r\nSANHU\r\nD207,","start":"14:00","end":"15:20","x":147,"y":-529,"color":"#D9D9D9"},{"text":"BIOBIO01\r\nSANHU\r\nD207,","start":"15:30","end":"16:50","x":147,"y":-642,"color":"#D9D9D9"}]},{"Header":"Onsdag 4/3","Lessons":[{"text":"MODSPA03\r\nARIVA\r\nH406, MODSPA03\r\nSANGR\r\nH422, MODDEU03\r\nINGES\r\nH418,","start":"08:10","end":"09:40","x":82,"y":-97,"color":"#D9D9D9"},{"text":"SVASVA01 SELHA H415,","start":"10:00","end":"11:10","x":26,"y":-223,"color":"#D9D9D9"},{"text":"SVESVE01 JOHLE H420,","start":"10:00","end":"11:10","x":295,"y":-223,"color":"#D9D9D9"},{"text":"MATMAT02c\r\nJOHAL\r\nH422,","start":"11:20","end":"12:20","x":153,"y":-317,"color":"#D9D9D9"},{"text":"Lunch\r\n,","start":"12:30","end":"13:00","x":37,"y":-385,"color":"#D9D9D9"},{"text":"BIOBIO01\r\nSANHU\r\nD221,","start":"13:20","end":"14:20","x":147,"y":-467,"color":"#D9D9D9"},{"text":"Studietid\r\n,","start":"14:30","end":"17:00","x":37,"y":-611,"color":"#D9D9D9"}]},{"Header":"Torsdag 5/3","Lessons":[{"text":"FYSFYS01a\r\nJOHAL\r\nT312,","start":"08:20","end":"09:40","x":151,"y":-103,"color":"#D9D9D9"},{"text":"MATMAT02c\r\nJOHAL\r\nT218,","start":"10:20","end":"11:20","x":153,"y":-241,"color":"#D9D9D9"},{"text":"MENTOR\r\nJOHAL,JOHLE\r\nT218,","start":"11:30","end":"12:00","x":135,"y":-310,"color":"#D9D9D9"},{"text":"Lunch\r\n,","start":"12:00","end":"12:30","x":37,"y":-348,"color":"#D9D9D9"},{"text":"SVESVE01 JOHLE H420,","start":"12:40","end":"13:50","x":26,"y":-424,"color":"#D9D9D9"},{"text":"SVASVA01 SELHA H415,","start":"12:40","end":"13:50","x":295,"y":-424,"color":"#D9D9D9"},{"text":"IDRIDR01\r\nAGNIS\r\nVAHA,P5,F6","start":"14:10","end":"15:30","x":137,"y":-542,"color":"#D9D9D9"},{"text":"SAMSAM01\r\nANDSU\r\nH306,","start":"15:50","end":"17:00","x":150,"y":-661,"color":"#D9D9D9"}]},{"Header":"Fredag 6/3","Lessons":[{"text":"FYSFYS01a\r\nJOHAL\r\nT416,","start":"08:10","end":"09:10","x":151,"y":-79,"color":"#D9D9D9"},{"text":"MATMAT02c\r\nJOHAL\r\nT219,","start":"09:20","end":"10:20","x":153,"y":-166,"color":"#D9D9D9"},{"text":"ENGENG05\r\nHEJOM\r\nH422,","start":"10:30","end":"11:30","x":150,"y":-254,"color":"#D9D9D9"},{"text":"Lunch\r\n,","start":"11:35","end":"12:05","x":37,"y":-316,"color":"#D9D9D9"},{"text":"KEMKEM01\r\nSANHU\r\nD228,","start":"12:10","end":"13:10","x":151,"y":-379,"color":"#D9D9D9"},{"text":"SAMSAM01\r\nANDSU\r\nH305,","start":"13:30","end":"14:40","x":150,"y":-486,"color":"#D9D9D9"}]}],"Time":0,"ClassId":"NA14B","SchoolId":"89920","WeekNumber":10,"SchemeURLs":["http://www.novasoftware.se/ImgGen/schedulegenerator.aspx?format=pdf&schoolid=89920&id=NA14B&period=&week=10&width=1&height=1&day=1","http://www.novasoftware.se/ImgGen/schedulegenerator.aspx?format=pdf&schoolid=89920&id=NA14B&period=&week=10&width=1&height=1&day=2","http://www.novasoftware.se/ImgGen/schedulegenerator.aspx?format=pdf&schoolid=89920&id=NA14B&period=&week=10&width=1&height=1&day=4","http://www.novasoftware.se/ImgGen/schedulegenerator.aspx?format=pdf&schoolid=89920&id=NA14B&period=&week=10&width=1&height=1&day=8","http://www.novasoftware.se/ImgGen/schedulegenerator.aspx?format=pdf&schoolid=89920&id=NA14B&period=&week=10&width=1&height=1&day=16"],"Error":false,"ErrorMessage":null,"ErrorTrace":null}