{"Days":[{"Header":"Måndag 9/2","Lessons":[{"text":"HISHIS01a\r\nWICMA\r\nH308,","start":"08:10","end":"09:20","x":147,"y":-85,"color":"#D9D9D9"},{"text":"MATMAT01c\r\nALFWI\r\nD228,","start":"10:00","end":"11:00","x":153,"y":-216,"color":"#D9D9D9"},{"text":"ENGENG05\r\nSARFR\r\nH309,","start":"11:10","end":"12:10","x":151,"y":-304,"color":"#D9D9D9"},{"text":"Lunch\r\n,","start":"12:20","end":"12:50","x":37,"y":-373,"color":"#D9D9D9"},{"text":"FYSFYS01a\r\nTOOAN\r\nT219,","start":"12:50","end":"13:50","x":150,"y":-429,"color":"#D9D9D9"},{"text":"FYSFYS01a TOOAN T310,","start":"14:10","end":"15:30","x":26,"y":-543,"color":"#D9D9D9"},{"text":"TEKTEK01 DJOBR M2,B202,","start":"14:10","end":"15:30","x":295,"y":-543,"color":"#D9D9D9"},{"text":"FYSFYS01a TOOAN T310,","start":"15:40","end":"17:00","x":26,"y":-656,"color":"#D9D9D9"},{"text":"TEKTEK01 DJOBR M2,B202,","start":"15:40","end":"17:00","x":295,"y":-656,"color":"#D9D9D9"}]},{"Header":"Tisdag 10/2","Lessons":[{"text":"MODFRE03\r\nJOHLE\r\nH420, MODDEU01\r\nEVALO\r\nH409, MODDEU03\r\nINGES\r\nH418, MODSPA03\r\nARIVA\r\nH406, MODSPA03\r\nSANGR\r\nH422,","start":"08:10","end":"09:40","x":82,"y":-97,"color":"#D9D9D9"},{"text":"SVA stöd SELHA H415,","start":"08:10","end":"09:40","x":374,"y":-97,"color":"#D9D9D9"},{"text":"SVASVA01 SELHA H415,","start":"10:10","end":"11:20","x":26,"y":-236,"color":"#D9D9D9"},{"text":"SVESVE01 SANHO H408,","start":"10:10","end":"11:20","x":295,"y":-236,"color":"#D9D9D9"},{"text":"MENTOR\r\nALFWI,CHANO\r\nH408,","start":"11:20","end":"11:50","x":132,"y":-298,"color":"#D9D9D9"},{"text":"Lunch\r\n,","start":"11:50","end":"12:20","x":37,"y":-335,"color":"#D9D9D9"},{"text":"MATMAT01c\r\nALFWI\r\nT218,","start":"12:20","end":"13:20","x":154,"y":-392,"color":"#D9D9D9"},{"text":"ENGENG05\r\nSARFR\r\nH415,","start":"13:30","end":"14:30","x":151,"y":-480,"color":"#D9D9D9"},{"text":"IDRIDR01\r\nSANHO\r\nVAHC,F11,P12","start":"14:50","end":"16:10","x":131,"y":-592,"color":"#D9D9D9"}]},{"Header":"Onsdag 11/2","Lessons":[{"text":"HISHIS01a\r\nWICMA\r\nM1,","start":"08:10","end":"09:10","x":151,"y":-79,"color":"#D9D9D9"},{"text":"MATMAT01c\r\nALFWI\r\nM1,","start":"09:30","end":"10:30","x":157,"y":-179,"color":"#D9D9D9"},{"text":"TEKTEK01\r\nDJOBR\r\nM1,","start":"10:50","end":"11:50","x":153,"y":-279,"color":"#D9D9D9"},{"text":"Lunch\r\n,","start":"12:00","end":"12:30","x":37,"y":-348,"color":"#D9D9D9"},{"text":"SVASVA01 SELHA H415,","start":"13:10","end":"14:20","x":26,"y":-461,"color":"#D9D9D9"},{"text":"SVESVE01 SANHO H306,","start":"13:10","end":"14:20","x":295,"y":-461,"color":"#D9D9D9"}]},{"Header":"Torsdag 12/2","Lessons":[{"text":"FYSFYS01a\r\nTOOAN\r\nT413,","start":"08:40","end":"09:40","x":150,"y":-116,"color":"#D9D9D9"},{"text":"MATMAT01c\r\nALFWI\r\nT413,","start":"10:10","end":"11:10","x":154,"y":-229,"color":"#D9D9D9"},{"text":"Lunch\r\n,","start":"11:20","end":"11:50","x":37,"y":-298,"color":"#D9D9D9"},{"text":"IDRIDR01\r\nSANHO\r\nVAHA,F11,P12","start":"12:30","end":"13:50","x":131,"y":-417,"color":"#D9D9D9"},{"text":"MODFRE03\r\nJOHLE\r\nH420, MODSPA03\r\nARIVA\r\nH406, MODSPA03\r\nSANGR\r\nH422, MODDEU01\r\nEVALO\r\nH409, MODDEU03\r\nINGES\r\nH418,","start":"14:30","end":"15:50","x":82,"y":-567,"color":"#D9D9D9"}]},{"Header":"Fredag 13/2","Lessons":[{"text":"TE-tid\r\n,","start":"08:10","end":"10:10","x":37,"y":-116,"color":"#D9D9D9"},{"text":"HISHIS01a\r\nWICMA\r\nH306,","start":"10:20","end":"11:30","x":147,"y":-247,"color":"#D9D9D9"},{"text":"Lunch\r\n,","start":"11:30","end":"12:00","x":37,"y":-310,"color":"#D9D9D9"},{"text":"TEKTEK01\r\nANDSU\r\nH305,","start":"12:10","end":"13:10","x":149,"y":-379,"color":"#D9D9D9"},{"text":"SVASVA01 SELHA H415,","start":"13:20","end":"14:30","x":26,"y":-474,"color":"#D9D9D9"},{"text":"SVESVE01 SANHO H408,","start":"13:20","end":"14:30","x":295,"y":-474,"color":"#D9D9D9"}]}],"Time":0,"ClassId":"TE14G","SchoolId":"89920","WeekNumber":7,"SchemeURLs":["http://www.novasoftware.se/ImgGen/schedulegenerator.aspx?format=pdf&schoolid=89920&id=TE14G&period=&week=7&width=1&height=1&day=1","http://www.novasoftware.se/ImgGen/schedulegenerator.aspx?format=pdf&schoolid=89920&id=TE14G&period=&week=7&width=1&height=1&day=2","http://www.novasoftware.se/ImgGen/schedulegenerator.aspx?format=pdf&schoolid=89920&id=TE14G&period=&week=7&width=1&height=1&day=4","http://www.novasoftware.se/ImgGen/schedulegenerator.aspx?format=pdf&schoolid=89920&id=TE14G&period=&week=7&width=1&height=1&day=8","http://www.novasoftware.se/ImgGen/schedulegenerator.aspx?format=pdf&schoolid=89920&id=TE14G&period=&week=7&width=1&height=1&day=16"],"Error":false,"ErrorMessage":null,"ErrorTrace":null}