{"Days":[{"Header":"Måndag 23/2","Lessons":[{"text":"RELREL01\r\nPERSU\r\nH306,","start":"08:10","end":"09:30","x":149,"y":-91,"color":"#D9D9D9"},{"text":"NAVNAT00S\r\nASAWA\r\nD308, ENTENR0\r\nPERSU\r\nH306, ENGENG07\r\nHEJOM\r\nH418, MATMAT05\r\nDJOBR\r\nT223,","start":"10:00","end":"11:30","x":84,"y":-234,"color":"#D9D9D9"},{"text":"SVESVE03 INGEI H418,","start":"11:40","end":"12:50","x":26,"y":-348,"color":"#D9D9D9"},{"text":"SVASVA03 SELHA H415,","start":"11:40","end":"12:50","x":295,"y":-348,"color":"#D9D9D9"},{"text":"Lunch\r\n,","start":"13:00","end":"13:30","x":37,"y":-423,"color":"#D9D9D9"},{"text":"NAVNAT00S\r\nANDFR\r\nD304, ENGENG07\r\nFILJO\r\nH417, MATMAT05\r\nSTALE\r\nT223, MATMAT05\r\nTINBE\r\nT218,","start":"14:00","end":"15:30","x":84,"y":-535,"color":"#D9D9D9"}]},{"Header":"Tisdag 24/2","Lessons":[{"text":"Re-prov\r\nS,","start":"08:10","end":"10:10","x":37,"y":-116,"color":"#D9D9D9"},{"text":"MATMAT04\r\nSTALE\r\nT223,","start":"10:30","end":"11:30","x":152,"y":-254,"color":"#D9D9D9"},{"text":"Lunch\r\n,","start":"11:40","end":"12:10","x":37,"y":-323,"color":"#D9D9D9"},{"text":"RELREL01\r\nPERSU\r\nH306,","start":"12:50","end":"14:00","x":149,"y":-435,"color":"#D9D9D9"},{"text":"IV ,","start":"14:30","end":"16:00","x":105,"y":-574,"color":"#D9D9D9"},{"text":"MATMAT05 VIVNY H422,","start":"14:30","end":"16:00","x":374,"y":-574,"color":"#D9D9D9"},{"text":"DAODAT0 DAHJO T221,","start":"14:30","end":"16:00","x":195,"y":-575,"color":"#D9D9D9"},{"text":"ENGENG07 HEJOM H417,","start":"14:30","end":"16:00","x":285,"y":-575,"color":"#D9D9D9"},{"text":"IDRIDR02 BOJAC VAHA,P3,F4","start":"16:40","end":"18:10","x":464,"y":-587,"color":"#D9D9D9"},{"text":"CADCAD02 ALFWI M2,","start":"14:30","end":"18:30","x":16,"y":-593,"color":"#D9D9D9"}]},{"Header":"Onsdag 25/2","Lessons":[{"text":"NAVNAT00S\r\nANDFR\r\nD304, MATMAT05\r\nSTALE\r\nT223, ENGENG07\r\nFILJO\r\nH417, MATMAT05\r\nTINBE\r\nT215,","start":"08:10","end":"09:40","x":84,"y":-97,"color":"#D9D9D9"},{"text":"SVESVE03 INGEI H309,","start":"10:00","end":"11:10","x":26,"y":-223,"color":"#D9D9D9"},{"text":"SVASVA03 SELHA H415,","start":"10:00","end":"11:10","x":295,"y":-223,"color":"#D9D9D9"},{"text":"Lunch\r\n,","start":"11:20","end":"11:50","x":37,"y":-298,"color":"#D9D9D9"},{"text":"HISHIS01b\r\nTHOLE\r\nH306,","start":"12:00","end":"13:00","x":148,"y":-367,"color":"#D9D9D9"},{"text":"Studietid\r\n,","start":"14:30","end":"17:00","x":37,"y":-611,"color":"#D9D9D9"}]},{"Header":"Torsdag 26/2","Lessons":[{"text":"MATMAT05 VIVNY D221,","start":"08:10","end":"09:40","x":285,"y":-97,"color":"#D9D9D9"},{"text":"IDRIDR02 BOJAC  VAHB, F11,P12","start":"08:10","end":"09:40","x":374,"y":-97,"color":"#D9D9D9"},{"text":"IV ,","start":"08:10","end":"09:40","x":16,"y":-98,"color":"#D9D9D9"},{"text":"DAODAT0 DAHJO T221,","start":"08:10","end":"09:40","x":105,"y":-98,"color":"#D9D9D9"},{"text":"ENGENG07 HEJOM H417,","start":"08:10","end":"09:40","x":195,"y":-98,"color":"#D9D9D9"},{"text":"CADCAD02 ALFWI M2,","start":"08:10","end":"09:40","x":464,"y":-98,"color":"#D9D9D9"},{"text":"MATMAT04\r\nSTALE\r\nT223,","start":"10:10","end":"11:10","x":152,"y":-229,"color":"#D9D9D9"},{"text":"MENTOR\r\nASAWA,STALE\r\nT416,","start":"11:20","end":"11:50","x":133,"y":-298,"color":"#D9D9D9"},{"text":"Lunch\r\n,","start":"11:55","end":"12:25","x":37,"y":-342,"color":"#D9D9D9"},{"text":"GA-hand ASAWA ,","start":"12:30","end":"13:00","x":195,"y":-386,"color":"#D9D9D9"},{"text":"GA-hand STALE ,","start":"12:30","end":"13:00","x":374,"y":-386,"color":"#D9D9D9"},{"text":"GA ,","start":"12:30","end":"13:50","x":16,"y":-417,"color":"#D9D9D9"},{"text":"NAVNAT00S\r\nASAWA\r\nD308, ENGENG07\r\nHEJOM\r\nH417, MATMAT05\r\nDJOBR\r\nT218, ENTENR0\r\nPERSU\r\nH306,","start":"14:00","end":"15:30","x":84,"y":-535,"color":"#D9D9D9"}]},{"Header":"Fredag 27/2","Lessons":[{"text":"HISHIS01b\r\nTHOLE\r\nH406,","start":"10:10","end":"11:20","x":148,"y":-235,"color":"#D9D9D9"},{"text":"Lunch\r\n,","start":"11:20","end":"11:50","x":37,"y":-298,"color":"#D9D9D9"},{"text":"SVESVE03 INGEI H406,","start":"12:00","end":"13:10","x":26,"y":-374,"color":"#D9D9D9"},{"text":"SVASVA03 SELHA H415,","start":"12:00","end":"13:10","x":295,"y":-374,"color":"#D9D9D9"},{"text":"RELREL01\r\nPERSU\r\nH308,","start":"13:20","end":"14:50","x":149,"y":-486,"color":"#D9D9D9"}]}],"Time":0,"ClassId":"NA12A","SchoolId":"89920","WeekNumber":9,"SchemeURLs":["http://www.novasoftware.se/ImgGen/schedulegenerator.aspx?format=pdf&schoolid=89920&id=NA12A&period=&week=9&width=1&height=1&day=1","http://www.novasoftware.se/ImgGen/schedulegenerator.aspx?format=pdf&schoolid=89920&id=NA12A&period=&week=9&width=1&height=1&day=2","http://www.novasoftware.se/ImgGen/schedulegenerator.aspx?format=pdf&schoolid=89920&id=NA12A&period=&week=9&width=1&height=1&day=4","http://www.novasoftware.se/ImgGen/schedulegenerator.aspx?format=pdf&schoolid=89920&id=NA12A&period=&week=9&width=1&height=1&day=8","http://www.novasoftware.se/ImgGen/schedulegenerator.aspx?format=pdf&schoolid=89920&id=NA12A&period=&week=9&width=1&height=1&day=16"],"Error":false,"ErrorMessage":null,"ErrorTrace":null}