{"Days":[{"Header":"Måndag 23/2","Lessons":[{"text":"SVASVA01 SELHA H415,","start":"10:00","end":"11:10","x":26,"y":-223,"color":"#D9D9D9"},{"text":"SVESVE01 JENRO H409,","start":"10:00","end":"11:10","x":295,"y":-223,"color":"#D9D9D9"},{"text":"FYSFYS01a\r\nANDBR\r\nT215,","start":"11:20","end":"12:20","x":150,"y":-317,"color":"#D9D9D9"},{"text":"Lunch\r\n,","start":"12:25","end":"12:55","x":37,"y":-379,"color":"#D9D9D9"},{"text":"TEKTEK01\r\nNILWI\r\nH422,","start":"13:00","end":"14:00","x":151,"y":-442,"color":"#D9D9D9"},{"text":"MODSPA03\r\nARIVA\r\nH406, MODSPA03\r\nSANGR\r\nH422, MODDEU03\r\nINGES\r\nH418,","start":"14:30","end":"15:50","x":82,"y":-567,"color":"#D9D9D9"}]},{"Header":"Tisdag 24/2","Lessons":[{"text":"FYSFYS01a\r\nANDBR\r\nT312,","start":"09:20","end":"10:20","x":150,"y":-166,"color":"#D9D9D9"},{"text":"ENGENG05\r\nINGES\r\nH417,","start":"10:30","end":"11:30","x":152,"y":-254,"color":"#D9D9D9"},{"text":"Lunch\r\n,","start":"11:40","end":"12:10","x":37,"y":-323,"color":"#D9D9D9"},{"text":"MATMAT02c\r\nANDBR\r\nT219,","start":"12:40","end":"13:40","x":152,"y":-417,"color":"#D9D9D9"}]},{"Header":"Onsdag 25/2","Lessons":[{"text":"MODSPA03\r\nARIVA\r\nH406, MODSPA03\r\nSANGR\r\nH422, MODDEU03\r\nINGES\r\nH418,","start":"08:10","end":"09:40","x":82,"y":-97,"color":"#D9D9D9"},{"text":"MATMAT02c\r\nANDBR\r\nT223,","start":"10:10","end":"11:10","x":152,"y":-229,"color":"#D9D9D9"},{"text":"IDRIDR01\r\nBOJAC\r\nVAHB,P11,F12","start":"11:30","end":"12:50","x":132,"y":-341,"color":"#D9D9D9"},{"text":"Lunch\r\n,","start":"13:00","end":"13:30","x":37,"y":-423,"color":"#D9D9D9"},{"text":"Studietid\r\n,","start":"14:30","end":"17:00","x":37,"y":-611,"color":"#D9D9D9"}]},{"Header":"Torsdag 26/2","Lessons":[{"text":"TEKTEK01\r\nNILWI\r\nM1,","start":"10:10","end":"11:10","x":154,"y":-229,"color":"#D9D9D9"},{"text":"MENTOR\r\nINGES,MARLU\r\nH418,","start":"11:20","end":"11:50","x":133,"y":-298,"color":"#D9D9D9"},{"text":"Lunch\r\n,","start":"11:50","end":"12:20","x":37,"y":-335,"color":"#D9D9D9"},{"text":"SVASVA01 SELHA H415,","start":"12:40","end":"13:50","x":26,"y":-424,"color":"#D9D9D9"},{"text":"SVESVE01 JENRO H409,","start":"12:40","end":"13:50","x":295,"y":-424,"color":"#D9D9D9"},{"text":"MATMAT02c\r\nANDBR\r\nT413,","start":"14:10","end":"15:10","x":152,"y":-530,"color":"#D9D9D9"}]},{"Header":"Fredag 27/2","Lessons":[{"text":"TEKTEK01\r\nTHETU\r\nH305,","start":"08:30","end":"09:30","x":149,"y":-104,"color":"#D9D9D9"},{"text":"ENGENG05\r\nINGES\r\nH418,","start":"10:20","end":"11:20","x":152,"y":-241,"color":"#D9D9D9"},{"text":"MATMAT02c\r\nANDBR\r\nT218,","start":"11:30","end":"12:30","x":152,"y":-329,"color":"#D9D9D9"},{"text":"Lunch\r\n,","start":"12:45","end":"13:15","x":37,"y":-404,"color":"#D9D9D9"},{"text":"FYSFYS01a\r\nANDBR\r\nT416,","start":"13:30","end":"14:30","x":150,"y":-480,"color":"#D9D9D9"},{"text":"IDRIDR01\r\nBOJAC\r\nVAHB,P7,F8","start":"14:50","end":"16:10","x":136,"y":-592,"color":"#D9D9D9"}]}],"Time":0,"ClassId":"TE14E","SchoolId":"89920","WeekNumber":9,"SchemeURLs":["http://www.novasoftware.se/ImgGen/schedulegenerator.aspx?format=pdf&schoolid=89920&id=TE14E&period=&week=9&width=1&height=1&day=1","http://www.novasoftware.se/ImgGen/schedulegenerator.aspx?format=pdf&schoolid=89920&id=TE14E&period=&week=9&width=1&height=1&day=2","http://www.novasoftware.se/ImgGen/schedulegenerator.aspx?format=pdf&schoolid=89920&id=TE14E&period=&week=9&width=1&height=1&day=4","http://www.novasoftware.se/ImgGen/schedulegenerator.aspx?format=pdf&schoolid=89920&id=TE14E&period=&week=9&width=1&height=1&day=8","http://www.novasoftware.se/ImgGen/schedulegenerator.aspx?format=pdf&schoolid=89920&id=TE14E&period=&week=9&width=1&height=1&day=16"],"Error":false,"ErrorMessage":null,"ErrorTrace":null}