{"Days":[{"Header":"Måndag 2/3","Lessons":[]},{"Header":"Tisdag 3/3","Lessons":[]},{"Header":"Onsdag 4/3","Lessons":[]},{"Header":"Torsdag 5/3","Lessons":[]},{"Header":"Fredag 6/3","Lessons":[]}],"Time":0,"ClassId":"INTAG","SchoolId":"89920","WeekNumber":10,"SchemeURLs":["http://www.novasoftware.se/ImgGen/schedulegenerator.aspx?format=pdf&schoolid=89920&id=INTAG&period=&week=10&width=1&height=1&day=1","http://www.novasoftware.se/ImgGen/schedulegenerator.aspx?format=pdf&schoolid=89920&id=INTAG&period=&week=10&width=1&height=1&day=2","http://www.novasoftware.se/ImgGen/schedulegenerator.aspx?format=pdf&schoolid=89920&id=INTAG&period=&week=10&width=1&height=1&day=4","http://www.novasoftware.se/ImgGen/schedulegenerator.aspx?format=pdf&schoolid=89920&id=INTAG&period=&week=10&width=1&height=1&day=8","http://www.novasoftware.se/ImgGen/schedulegenerator.aspx?format=pdf&schoolid=89920&id=INTAG&period=&week=10&width=1&height=1&day=16"],"Error":false,"ErrorMessage":null,"ErrorTrace":null}