{"Days":[{"Header":"Måndag 23/2","Lessons":[{"text":"SAMSAM01\r\nACHMI\r\nH309,","start":"08:10","end":"09:20","x":150,"y":-85,"color":"#D9D9D9"},{"text":"FYSFYS01a\r\nSTALE\r\nT413,","start":"10:00","end":"11:00","x":151,"y":-216,"color":"#D9D9D9"},{"text":"MATMAT02c\r\nSTALE\r\nT413,","start":"11:10","end":"12:10","x":154,"y":-304,"color":"#D9D9D9"},{"text":"Lunch\r\n,","start":"12:15","end":"12:45","x":37,"y":-367,"color":"#D9D9D9"},{"text":"KEMKEM01\r\nANDFR\r\nD304,","start":"12:50","end":"13:50","x":151,"y":-429,"color":"#D9D9D9"},{"text":"BIOBIO01\r\nAGNIS\r\nD207,","start":"14:10","end":"15:10","x":148,"y":-530,"color":"#D9D9D9"}]},{"Header":"Tisdag 24/2","Lessons":[{"text":"MODFRE03\r\nJOHLE\r\nH420, MODDEU01\r\nEVALO\r\nH409, MODDEU03\r\nINGES\r\nH418, MODSPA03\r\nARIVA\r\nH406, MODSPA03\r\nSANGR\r\nH422,","start":"08:10","end":"09:40","x":82,"y":-97,"color":"#D9D9D9"},{"text":"SVA stöd SELHA H415,","start":"08:10","end":"09:40","x":374,"y":-97,"color":"#D9D9D9"},{"text":"SVASVA01 SELHA H415,","start":"10:10","end":"11:20","x":26,"y":-236,"color":"#D9D9D9"},{"text":"SVESVE01 ACHMI H309,","start":"10:10","end":"11:20","x":295,"y":-236,"color":"#D9D9D9"},{"text":"MATMAT02c\r\nSTALE\r\nH422,","start":"11:40","end":"12:40","x":153,"y":-342,"color":"#D9D9D9"},{"text":"Lunch\r\n,","start":"12:40","end":"13:10","x":37,"y":-398,"color":"#D9D9D9"},{"text":"SAMSAM01\r\nACHMI\r\nH408,","start":"13:40","end":"14:50","x":150,"y":-498,"color":"#D9D9D9"},{"text":"IDRIDR01\r\nAGNIS\r\nVAHB,P5,F6","start":"15:10","end":"16:30","x":137,"y":-617,"color":"#D9D9D9"}]},{"Header":"Onsdag 25/2","Lessons":[{"text":"ENGENG05\r\nHEJOM\r\nH309,","start":"08:10","end":"09:10","x":150,"y":-79,"color":"#D9D9D9"},{"text":"KEMKEM01\r\nANDFR\r\nD304,","start":"09:50","end":"10:50","x":151,"y":-204,"color":"#D9D9D9"},{"text":"MATMAT02c\r\nSTALE\r\nD221,","start":"11:10","end":"12:10","x":153,"y":-304,"color":"#D9D9D9"},{"text":"Lunch\r\n,","start":"12:20","end":"12:50","x":37,"y":-373,"color":"#D9D9D9"},{"text":"FYSFYS01a\r\nSTALE\r\nT413,","start":"13:20","end":"14:20","x":151,"y":-467,"color":"#D9D9D9"},{"text":"Studietid\r\n,","start":"14:30","end":"17:00","x":37,"y":-611,"color":"#D9D9D9"}]},{"Header":"Torsdag 26/2","Lessons":[{"text":"shprov\r\nS,","start":"08:10","end":"09:45","x":37,"y":-101,"color":"#D9D9D9"},{"text":"ENGENG05\r\nHEJOM\r\nH417,","start":"10:20","end":"11:20","x":150,"y":-241,"color":"#D9D9D9"},{"text":"BIOBIO01\r\nAGNIS\r\nD221,","start":"11:30","end":"12:30","x":148,"y":-329,"color":"#D9D9D9"},{"text":"Lunch\r\n,","start":"12:35","end":"13:05","x":37,"y":-392,"color":"#D9D9D9"},{"text":"MATMAT02c\r\nSTALE\r\nT219,","start":"13:10","end":"14:10","x":154,"y":-455,"color":"#D9D9D9"},{"text":"MODFRE03\r\nJOHLE\r\nH420, MODSPA03\r\nARIVA\r\nH406, MODSPA03\r\nSANGR\r\nH422, MODDEU01\r\nEVALO\r\nH409, MODDEU03\r\nINGES\r\nH418,","start":"14:30","end":"15:50","x":82,"y":-567,"color":"#D9D9D9"}]},{"Header":"Fredag 27/2","Lessons":[{"text":"BIOBIO01\r\nAGNIS\r\nD207,","start":"08:10","end":"09:30","x":148,"y":-91,"color":"#D9D9D9"},{"text":"BIOBIO01\r\nAGNIS\r\nD207,","start":"09:40","end":"11:00","x":148,"y":-204,"color":"#D9D9D9"},{"text":"FYSFYS01a\r\nSTALE\r\nT215,","start":"11:10","end":"12:10","x":151,"y":-304,"color":"#D9D9D9"},{"text":"Lunch\r\n,","start":"12:40","end":"13:10","x":37,"y":-398,"color":"#D9D9D9"},{"text":"SVESVE01 ACHMI H309,","start":"13:20","end":"14:30","x":26,"y":-474,"color":"#D9D9D9"},{"text":"SVASVA01 SELHA H415,","start":"13:20","end":"14:30","x":295,"y":-474,"color":"#D9D9D9"},{"text":"IDRIDR01\r\nAGNIS\r\nVAHA,P5,F6","start":"14:50","end":"16:10","x":137,"y":-592,"color":"#D9D9D9"}]}],"Time":0,"ClassId":"NA14H","SchoolId":"89920","WeekNumber":9,"SchemeURLs":["http://www.novasoftware.se/ImgGen/schedulegenerator.aspx?format=pdf&schoolid=89920&id=NA14H&period=&week=9&width=1&height=1&day=1","http://www.novasoftware.se/ImgGen/schedulegenerator.aspx?format=pdf&schoolid=89920&id=NA14H&period=&week=9&width=1&height=1&day=2","http://www.novasoftware.se/ImgGen/schedulegenerator.aspx?format=pdf&schoolid=89920&id=NA14H&period=&week=9&width=1&height=1&day=4","http://www.novasoftware.se/ImgGen/schedulegenerator.aspx?format=pdf&schoolid=89920&id=NA14H&period=&week=9&width=1&height=1&day=8","http://www.novasoftware.se/ImgGen/schedulegenerator.aspx?format=pdf&schoolid=89920&id=NA14H&period=&week=9&width=1&height=1&day=16"],"Error":false,"ErrorMessage":null,"ErrorTrace":null}