{"Days":[{"Header":"Måndag 23/2","Lessons":[{"text":"MODFRA04\r\nJOHLE\r\nH420, MODSPA04\r\nARIVA\r\nH406, MODDEU04\r\nINGES\r\nH418,","start":"08:10","end":"09:40","x":82,"y":-97,"color":"#D9D9D9"},{"text":"BILBIL01 MADDA,MARMO B202,","start":"10:00","end":"11:20","x":26,"y":-229,"color":"#D9D9D9"},{"text":"TEKTEK02 CHANO T218,","start":"10:00","end":"11:20","x":295,"y":-229,"color":"#D9D9D9"},{"text":"MATMAT03c\r\nGUSID\r\nT416,","start":"11:30","end":"12:30","x":154,"y":-329,"color":"#D9D9D9"},{"text":"Lunch\r\n,","start":"12:35","end":"13:05","x":37,"y":-392,"color":"#D9D9D9"},{"text":"ENGENG06\r\nSARFR\r\nH420,","start":"13:10","end":"14:10","x":151,"y":-455,"color":"#D9D9D9"},{"text":"SVASVA02 SELHA H309,","start":"14:20","end":"15:30","x":26,"y":-549,"color":"#D9D9D9"},{"text":"SVESVE02 SANHO H415,","start":"14:20","end":"15:30","x":295,"y":-549,"color":"#D9D9D9"}]},{"Header":"Tisdag 24/2","Lessons":[{"text":"DESDES01 MADDA,MARMO B202,","start":"08:10","end":"09:30","x":26,"y":-92,"color":"#D9D9D9"},{"text":"TEKTEK02 CHANO T218,","start":"08:10","end":"09:30","x":295,"y":-92,"color":"#D9D9D9"},{"text":"KEMKEM01 MARLU D317,","start":"10:00","end":"11:20","x":26,"y":-229,"color":"#D9D9D9"},{"text":"FYSFYS02 GUSID T315,","start":"10:00","end":"11:20","x":295,"y":-229,"color":"#D9D9D9"},{"text":"KEMKEM01\r\nMARLU\r\nD317,","start":"11:30","end":"12:50","x":150,"y":-341,"color":"#D9D9D9"},{"text":"Lunch\r\n,","start":"13:00","end":"13:30","x":37,"y":-423,"color":"#D9D9D9"},{"text":"IV ,","start":"14:30","end":"16:00","x":195,"y":-574,"color":"#D9D9D9"},{"text":"ENTENR0 ANDSU H309,","start":"14:30","end":"16:00","x":285,"y":-574,"color":"#D9D9D9"},{"text":"FYSFYS02 ANDDA T312,","start":"14:30","end":"16:00","x":374,"y":-574,"color":"#D9D9D9"},{"text":"IDRIDR02 BOJAC VAHA,P3,F4","start":"16:40","end":"18:10","x":464,"y":-587,"color":"#D9D9D9"},{"text":"CADCAD01 DJOBR H407,","start":"14:30","end":"16:30","x":16,"y":-593,"color":"#D9D9D9"},{"text":"PSKPSY01 PERSU H305,","start":"14:30","end":"16:30","x":105,"y":-593,"color":"#D9D9D9"}]},{"Header":"Onsdag 25/2","Lessons":[{"text":"SVASVA02 SELHA H415,","start":"08:10","end":"09:20","x":26,"y":-85,"color":"#D9D9D9"},{"text":"SVESVE02 SANHO H420,","start":"08:10","end":"09:20","x":295,"y":-85,"color":"#D9D9D9"},{"text":"BILBIL01 MADDA,MARMO B202,","start":"09:40","end":"11:00","x":26,"y":-204,"color":"#D9D9D9"},{"text":"TEKTEK02 CHANO T218,","start":"09:40","end":"11:00","x":295,"y":-204,"color":"#D9D9D9"},{"text":"Lunch\r\n,","start":"11:15","end":"11:45","x":37,"y":-291,"color":"#D9D9D9"},{"text":"ENGENG06\r\nSARFR\r\nH415,","start":"11:50","end":"12:50","x":151,"y":-354,"color":"#D9D9D9"},{"text":"FYSFYS02 GUSID T219,","start":"13:00","end":"14:00","x":374,"y":-442,"color":"#D9D9D9"},{"text":"MODFRA04\r\nJOHLE\r\nH420, MODSPA04\r\nARIVA\r\nH406, MODDEU04\r\nINGES\r\nH418,","start":"13:00","end":"14:20","x":82,"y":-454,"color":"#D9D9D9"},{"text":"Studietid\r\n,","start":"14:30","end":"17:00","x":37,"y":-611,"color":"#D9D9D9"}]},{"Header":"Torsdag 26/2","Lessons":[{"text":"FYSFYS02 ANDDA T416,","start":"08:10","end":"09:30","x":464,"y":-91,"color":"#D9D9D9"},{"text":"ENTENR0 ANDSU H309,","start":"08:10","end":"09:40","x":16,"y":-97,"color":"#D9D9D9"},{"text":"IDRIDR02 BOJAC  VAHB, F11,P12","start":"08:10","end":"09:40","x":195,"y":-97,"color":"#D9D9D9"},{"text":"IV ,","start":"08:10","end":"09:40","x":105,"y":-98,"color":"#D9D9D9"},{"text":"CADCAD01 DJOBR H407,","start":"08:10","end":"09:40","x":285,"y":-98,"color":"#D9D9D9"},{"text":"PSKPSY01 PERSU H305,","start":"08:10","end":"09:40","x":374,"y":-98,"color":"#D9D9D9"},{"text":"DESDES01 MADDA,MARMO B202,","start":"10:10","end":"11:30","x":26,"y":-242,"color":"#D9D9D9"},{"text":"PRRPRR01 TINBE T417,","start":"10:10","end":"11:30","x":295,"y":-242,"color":"#D9D9D9"},{"text":"Lunch\r\n,","start":"11:40","end":"12:10","x":37,"y":-323,"color":"#D9D9D9"},{"text":"KOTKOS01\r\nNILWI\r\nM1,","start":"12:30","end":"13:30","x":155,"y":-404,"color":"#D9D9D9"},{"text":"TE-tid\r\n,","start":"13:40","end":"15:40","x":37,"y":-530,"color":"#D9D9D9"}]},{"Header":"Fredag 27/2","Lessons":[{"text":"SVASVA02 SELHA H415,","start":"08:10","end":"09:20","x":26,"y":-85,"color":"#D9D9D9"},{"text":"SVESVE02 SANHO H408,","start":"08:10","end":"09:20","x":295,"y":-85,"color":"#D9D9D9"},{"text":"KOTKOS01\r\nNILWI\r\nD304,","start":"09:40","end":"10:40","x":151,"y":-191,"color":"#D9D9D9"},{"text":"MENTOR\r\nMADDA,GUSID\r\nT223,","start":"10:50","end":"11:20","x":133,"y":-260,"color":"#D9D9D9"},{"text":"MATMAT03c\r\nGUSID\r\nT223,","start":"11:30","end":"12:30","x":154,"y":-329,"color":"#D9D9D9"},{"text":"Lunch\r\n,","start":"12:35","end":"13:05","x":37,"y":-392,"color":"#D9D9D9"},{"text":"KEMKEM01\r\nMARLU\r\nD221,","start":"13:10","end":"14:10","x":150,"y":-455,"color":"#D9D9D9"},{"text":"FYSFYS02\r\nGUSID\r\nT312,","start":"14:30","end":"15:30","x":150,"y":-555,"color":"#D9D9D9"}]}],"Time":0,"ClassId":"TE13G","SchoolId":"89920","WeekNumber":9,"SchemeURLs":["http://www.novasoftware.se/ImgGen/schedulegenerator.aspx?format=pdf&schoolid=89920&id=TE13G&period=&week=9&width=1&height=1&day=1","http://www.novasoftware.se/ImgGen/schedulegenerator.aspx?format=pdf&schoolid=89920&id=TE13G&period=&week=9&width=1&height=1&day=2","http://www.novasoftware.se/ImgGen/schedulegenerator.aspx?format=pdf&schoolid=89920&id=TE13G&period=&week=9&width=1&height=1&day=4","http://www.novasoftware.se/ImgGen/schedulegenerator.aspx?format=pdf&schoolid=89920&id=TE13G&period=&week=9&width=1&height=1&day=8","http://www.novasoftware.se/ImgGen/schedulegenerator.aspx?format=pdf&schoolid=89920&id=TE13G&period=&week=9&width=1&height=1&day=16"],"Error":false,"ErrorMessage":null,"ErrorTrace":null}