{"Days":[{"Header":"Måndag 9/2","Lessons":[{"text":"MODFRA04\r\nJOHLE\r\nH420, MODSPA04\r\nARIVA\r\nH406, MODDEU04\r\nINGES\r\nH418,","start":"08:10","end":"09:40","x":82,"y":-97,"color":"#D9D9D9"},{"text":"PRRPRR01\r\nTINBE\r\nT417,","start":"10:00","end":"11:20","x":151,"y":-229,"color":"#D9D9D9"},{"text":"FYSFYS02\r\nAZRHO\r\nT312,","start":"11:30","end":"12:30","x":148,"y":-329,"color":"#D9D9D9"},{"text":"Lunch\r\n,","start":"12:35","end":"13:05","x":37,"y":-392,"color":"#D9D9D9"},{"text":"TEKTEK02\r\nCHANO\r\nT416,","start":"13:10","end":"14:20","x":149,"y":-461,"color":"#D9D9D9"},{"text":"KEMKEM01\r\nLAIKA\r\nD228,","start":"14:40","end":"15:40","x":153,"y":-567,"color":"#D9D9D9"},{"text":"MATMAT03c\r\nAZRHO\r\nT416,","start":"15:50","end":"16:50","x":152,"y":-655,"color":"#D9D9D9"}]},{"Header":"Tisdag 10/2","Lessons":[{"text":"PRRPRR01 TINBE T419,","start":"08:10","end":"09:30","x":26,"y":-92,"color":"#D9D9D9"},{"text":"TEKTEK02 CHANO T218,","start":"08:10","end":"09:30","x":295,"y":-92,"color":"#D9D9D9"},{"text":"PRRPRR01 TINBE T419,","start":"09:40","end":"11:00","x":26,"y":-204,"color":"#D9D9D9"},{"text":"TEKTEK02 CHANO T218,","start":"09:40","end":"11:00","x":295,"y":-204,"color":"#D9D9D9"},{"text":"Lunch\r\n,","start":"11:05","end":"11:35","x":37,"y":-279,"color":"#D9D9D9"},{"text":"KEMKEM01\r\nLAIKA\r\nD228,","start":"11:50","end":"12:50","x":153,"y":-354,"color":"#D9D9D9"},{"text":"MATMAT03c\r\nAZRHO\r\nT215,","start":"13:00","end":"14:00","x":152,"y":-442,"color":"#D9D9D9"},{"text":"IV ,","start":"14:30","end":"16:00","x":285,"y":-574,"color":"#D9D9D9"},{"text":"ENTENR0 ANDSU H309,","start":"14:30","end":"16:00","x":464,"y":-574,"color":"#D9D9D9"},{"text":"DAODAT0 DAHJO T221,","start":"14:30","end":"16:00","x":374,"y":-575,"color":"#D9D9D9"},{"text":"CADCAD01 DJOBR H407,","start":"14:30","end":"16:30","x":16,"y":-593,"color":"#D9D9D9"},{"text":"CADCAD02 ALFWI M2,","start":"14:30","end":"16:30","x":105,"y":-593,"color":"#D9D9D9"},{"text":"PSKPSY01 PERSU H305,","start":"14:30","end":"16:30","x":195,"y":-593,"color":"#D9D9D9"}]},{"Header":"Onsdag 11/2","Lessons":[{"text":"SVASVA02 SELHA H415,","start":"08:10","end":"09:20","x":26,"y":-85,"color":"#D9D9D9"},{"text":"SVESVE02 LINES H308,","start":"08:10","end":"09:20","x":295,"y":-85,"color":"#D9D9D9"},{"text":"KEMKEM01\r\nLAIKA\r\nD228,","start":"09:50","end":"10:50","x":153,"y":-204,"color":"#D9D9D9"},{"text":"Lunch\r\n,","start":"11:00","end":"11:30","x":37,"y":-273,"color":"#D9D9D9"},{"text":"ENGENG06\r\nFILJO\r\nH418,","start":"11:40","end":"12:50","x":153,"y":-348,"color":"#D9D9D9"},{"text":"MODFRA04\r\nJOHLE\r\nH420, MODSPA04\r\nARIVA\r\nH406, MODDEU04\r\nINGES\r\nH418,","start":"13:00","end":"14:20","x":82,"y":-454,"color":"#D9D9D9"},{"text":"Kemiprov\r\nS,","start":"14:30","end":"17:00","x":37,"y":-611,"color":"#D9D9D9"}]},{"Header":"Torsdag 12/2","Lessons":[{"text":"ENTENR0 ANDSU H309,","start":"08:10","end":"09:40","x":105,"y":-97,"color":"#D9D9D9"},{"text":"IV ,","start":"08:10","end":"09:40","x":195,"y":-98,"color":"#D9D9D9"},{"text":"DAODAT0 DAHJO T221,","start":"08:10","end":"09:40","x":16,"y":-98,"color":"#D9D9D9"},{"text":"CADCAD01 DJOBR H407,","start":"08:10","end":"09:40","x":285,"y":-98,"color":"#D9D9D9"},{"text":"CADCAD02 ALFWI M2,","start":"08:10","end":"09:40","x":374,"y":-98,"color":"#D9D9D9"},{"text":"PSKPSY01 PERSU H305,","start":"08:10","end":"09:40","x":464,"y":-98,"color":"#D9D9D9"},{"text":"FYSFYS02\r\nAZRHO\r\nT312,","start":"10:10","end":"11:10","x":148,"y":-229,"color":"#D9D9D9"},{"text":"KOTKOS01\r\nALFWI\r\nH406,","start":"11:20","end":"12:20","x":151,"y":-317,"color":"#D9D9D9"},{"text":"Lunch\r\n,","start":"12:20","end":"12:50","x":37,"y":-373,"color":"#D9D9D9"},{"text":"PRRPRR01\r\nTINBE\r\nT417,","start":"13:10","end":"14:30","x":151,"y":-467,"color":"#D9D9D9"},{"text":"ENGENG06\r\nFILJO\r\nH408,","start":"14:40","end":"15:40","x":153,"y":-567,"color":"#D9D9D9"},{"text":"MATMAT03c\r\nAZRHO\r\nT223,","start":"15:50","end":"16:50","x":152,"y":-655,"color":"#D9D9D9"}]},{"Header":"Fredag 13/2","Lessons":[{"text":"SVASVA02 SELHA H415,","start":"08:10","end":"09:20","x":26,"y":-85,"color":"#D9D9D9"},{"text":"SVESVE02 LINES H420,","start":"08:10","end":"09:20","x":295,"y":-85,"color":"#D9D9D9"},{"text":"ENGENG06\r\nFILJO\r\nH417,","start":"09:40","end":"10:40","x":153,"y":-191,"color":"#D9D9D9"},{"text":"MENTOR\r\nLINES,AZRHO\r\nT413,","start":"10:50","end":"11:20","x":135,"y":-260,"color":"#D9D9D9"},{"text":"FYSFYS02\r\nAZRHO\r\nT413,","start":"11:20","end":"12:20","x":148,"y":-317,"color":"#D9D9D9"},{"text":"Lunch\r\n,","start":"12:25","end":"12:55","x":37,"y":-379,"color":"#D9D9D9"},{"text":"KOTKOS01\r\nALFWI\r\nM1,","start":"13:00","end":"14:00","x":154,"y":-442,"color":"#D9D9D9"},{"text":"MATMAT03c\r\nAZRHO\r\nT413,","start":"14:20","end":"15:20","x":152,"y":-542,"color":"#D9D9D9"}]}],"Time":0,"ClassId":"TE13F","SchoolId":"89920","WeekNumber":7,"SchemeURLs":["http://www.novasoftware.se/ImgGen/schedulegenerator.aspx?format=pdf&schoolid=89920&id=TE13F&period=&week=7&width=1&height=1&day=1","http://www.novasoftware.se/ImgGen/schedulegenerator.aspx?format=pdf&schoolid=89920&id=TE13F&period=&week=7&width=1&height=1&day=2","http://www.novasoftware.se/ImgGen/schedulegenerator.aspx?format=pdf&schoolid=89920&id=TE13F&period=&week=7&width=1&height=1&day=4","http://www.novasoftware.se/ImgGen/schedulegenerator.aspx?format=pdf&schoolid=89920&id=TE13F&period=&week=7&width=1&height=1&day=8","http://www.novasoftware.se/ImgGen/schedulegenerator.aspx?format=pdf&schoolid=89920&id=TE13F&period=&week=7&width=1&height=1&day=16"],"Error":false,"ErrorMessage":null,"ErrorTrace":null}