{"Days":[{"Header":"Måndag 23/2","Lessons":[{"text":"MODFRA04\r\nJOHLE\r\nH420, MODSPA04\r\nARIVA\r\nH406, MODDEU04\r\nINGES\r\nH418,","start":"08:10","end":"09:40","x":82,"y":-97,"color":"#D9D9D9"},{"text":"BIOBIO02\r\nSANHU\r\nD221,","start":"10:00","end":"11:00","x":147,"y":-216,"color":"#D9D9D9"},{"text":"Lunch\r\n,","start":"11:10","end":"11:40","x":37,"y":-285,"color":"#D9D9D9"},{"text":"FYSFYS02\r\nMIKRY\r\nT312,","start":"12:00","end":"13:00","x":149,"y":-367,"color":"#D9D9D9"},{"text":"BIOBIO02\r\nSANHU\r\nD308,","start":"13:20","end":"14:40","x":147,"y":-479,"color":"#D9D9D9"},{"text":"BIOBIO02\r\nSANHU\r\nD308,","start":"14:50","end":"16:10","x":147,"y":-592,"color":"#D9D9D9"}]},{"Header":"Tisdag 24/2","Lessons":[{"text":"BIOBIT0\r\nMARLU\r\nD308, HÅLHÅB0\r\nTHETU\r\nH308, PRRPRR01\r\nNIKGY\r\nT417,","start":"08:10","end":"09:30","x":78,"y":-91,"color":"#D9D9D9"},{"text":"KEMKEM02\r\nANDFR\r\nD304,","start":"09:50","end":"10:50","x":151,"y":-204,"color":"#D9D9D9"},{"text":"Lunch\r\n,","start":"11:00","end":"11:30","x":37,"y":-273,"color":"#D9D9D9"},{"text":"FYSFYS02\r\nMIKRY\r\nT312,","start":"11:50","end":"12:50","x":149,"y":-354,"color":"#D9D9D9"},{"text":"MATMAT03c\r\nJOHAL\r\nT416,","start":"13:00","end":"14:00","x":153,"y":-442,"color":"#D9D9D9"},{"text":"IV ,","start":"14:30","end":"16:00","x":231,"y":-574,"color":"#D9D9D9"},{"text":"PRRPRR01 TINBE T417,","start":"14:30","end":"16:00","x":338,"y":-574,"color":"#D9D9D9"},{"text":"IDRIDR02 BOJAC VAHA,P3,F4","start":"14:40","end":"16:10","x":446,"y":-586,"color":"#D9D9D9"},{"text":"CADCAD01 DJOBR H407,","start":"14:30","end":"16:30","x":16,"y":-592,"color":"#D9D9D9"},{"text":"CADCAD02 ALFWI M2,","start":"14:30","end":"16:30","x":123,"y":-592,"color":"#D9D9D9"}]},{"Header":"Onsdag 25/2","Lessons":[{"text":"MATMAT03c\r\nJOHAL\r\nT416,","start":"08:10","end":"09:10","x":153,"y":-79,"color":"#D9D9D9"},{"text":"ENGENG06\r\nHEJOM\r\nT219,","start":"09:30","end":"10:30","x":150,"y":-179,"color":"#D9D9D9"},{"text":"FYSFYS02\r\nMIKRY\r\nT312,","start":"10:40","end":"11:40","x":149,"y":-267,"color":"#D9D9D9"},{"text":"Lunch\r\n,","start":"11:50","end":"12:20","x":37,"y":-335,"color":"#D9D9D9"},{"text":"MODFRA04\r\nJOHLE\r\nH420, MODSPA04\r\nARIVA\r\nH406, MODDEU04\r\nINGES\r\nH418,","start":"13:00","end":"14:20","x":82,"y":-454,"color":"#D9D9D9"},{"text":"Studietid\r\n,","start":"14:30","end":"17:00","x":37,"y":-611,"color":"#D9D9D9"}]},{"Header":"Torsdag 26/2","Lessons":[{"text":"PRRPRR01 TINBE T417,","start":"08:10","end":"09:40","x":123,"y":-97,"color":"#D9D9D9"},{"text":"CADCAD01 DJOBR H407,","start":"08:10","end":"09:40","x":338,"y":-97,"color":"#D9D9D9"},{"text":"CADCAD02 ALFWI M2,","start":"08:10","end":"09:40","x":446,"y":-97,"color":"#D9D9D9"},{"text":"IV ,","start":"08:10","end":"09:40","x":16,"y":-98,"color":"#D9D9D9"},{"text":"IDRIDR02 BOJAC VAHB,F11,P12","start":"08:10","end":"09:40","x":231,"y":-98,"color":"#D9D9D9"},{"text":"SVASVA02 SELHA H415,","start":"10:10","end":"11:20","x":26,"y":-236,"color":"#D9D9D9"},{"text":"SVESVE02 ACHMI H309,","start":"10:10","end":"11:20","x":295,"y":-236,"color":"#D9D9D9"},{"text":"FYSFYS02\r\nMIKRY\r\nT312,","start":"11:30","end":"12:30","x":149,"y":-329,"color":"#D9D9D9"},{"text":"Lunch\r\n,","start":"12:40","end":"13:10","x":37,"y":-398,"color":"#D9D9D9"},{"text":"MATMAT03c\r\nJOHAL\r\nT416,","start":"13:20","end":"14:20","x":153,"y":-467,"color":"#D9D9D9"},{"text":"BIOBIO02\r\nSANHU\r\nD221,","start":"14:30","end":"15:30","x":147,"y":-555,"color":"#D9D9D9"},{"text":"ENGENG06\r\nHEJOM\r\nH415,","start":"15:40","end":"16:40","x":150,"y":-643,"color":"#D9D9D9"}]},{"Header":"Fredag 27/2","Lessons":[{"text":"ENGENG06\r\nHEJOM\r\nH418,","start":"08:30","end":"09:30","x":150,"y":-104,"color":"#D9D9D9"},{"text":"SVESVE02 ACHMI H309,","start":"10:00","end":"11:10","x":26,"y":-223,"color":"#D9D9D9"},{"text":"SVASVA02 SELHA H415,","start":"10:00","end":"11:10","x":295,"y":-223,"color":"#D9D9D9"},{"text":"KEMKEM02\r\nANDFR\r\nD221,","start":"11:20","end":"12:20","x":151,"y":-317,"color":"#D9D9D9"},{"text":"MENTOR\r\nAGNIS,ARIVA\r\n,","start":"12:20","end":"12:50","x":144,"y":-373,"color":"#D9D9D9"},{"text":"Lunch\r\n,","start":"12:55","end":"13:25","x":37,"y":-417,"color":"#D9D9D9"},{"text":"BIOBIO02\r\nSANHU\r\nD228,","start":"13:30","end":"14:30","x":147,"y":-480,"color":"#D9D9D9"},{"text":"HÅLHÅB0\r\nTHETU\r\nH309, PRRPRR01\r\nNIKGY\r\nT417, BIOBIT0\r\nMARLU\r\nD308,","start":"14:40","end":"16:00","x":78,"y":-580,"color":"#D9D9D9"}]}],"Time":0,"ClassId":"NA13A","SchoolId":"89920","WeekNumber":9,"SchemeURLs":["http://www.novasoftware.se/ImgGen/schedulegenerator.aspx?format=pdf&schoolid=89920&id=NA13A&period=&week=9&width=1&height=1&day=1","http://www.novasoftware.se/ImgGen/schedulegenerator.aspx?format=pdf&schoolid=89920&id=NA13A&period=&week=9&width=1&height=1&day=2","http://www.novasoftware.se/ImgGen/schedulegenerator.aspx?format=pdf&schoolid=89920&id=NA13A&period=&week=9&width=1&height=1&day=4","http://www.novasoftware.se/ImgGen/schedulegenerator.aspx?format=pdf&schoolid=89920&id=NA13A&period=&week=9&width=1&height=1&day=8","http://www.novasoftware.se/ImgGen/schedulegenerator.aspx?format=pdf&schoolid=89920&id=NA13A&period=&week=9&width=1&height=1&day=16"],"Error":false,"ErrorMessage":null,"ErrorTrace":null}