{"Days":[{"Header":"Måndag 2/3","Lessons":[{"text":"MODFRA04\r\nJOHLE\r\nH420, MODSPA04\r\nARIVA\r\nH406, MODDEU04\r\nINGES\r\nH418,","start":"08:10","end":"09:40","x":82,"y":-97,"color":"#D9D9D9"},{"text":"BILBIL01 MADDA,MARMO B202,","start":"10:00","end":"11:20","x":26,"y":-229,"color":"#D9D9D9"},{"text":"TEKTEK02 CHANO T218,","start":"10:00","end":"11:20","x":295,"y":-229,"color":"#D9D9D9"},{"text":"KEMKEM01\r\nMARLU\r\nD304,","start":"11:30","end":"12:30","x":150,"y":-329,"color":"#D9D9D9"},{"text":"Lunch\r\n,","start":"12:35","end":"13:05","x":37,"y":-392,"color":"#D9D9D9"},{"text":"MATMAT03c\r\nGUSID\r\nD221,","start":"13:10","end":"14:10","x":153,"y":-455,"color":"#D9D9D9"},{"text":"ENGENG06\r\nSARFR\r\nH408,","start":"14:30","end":"15:30","x":151,"y":-555,"color":"#D9D9D9"},{"text":"KOTKOS01\r\nNILWI\r\nM1,","start":"15:40","end":"16:50","x":155,"y":-649,"color":"#D9D9D9"}]},{"Header":"Tisdag 3/3","Lessons":[{"text":"DESDES01 MADDA,MARMO B202,","start":"08:10","end":"09:30","x":26,"y":-92,"color":"#D9D9D9"},{"text":"FYSFYS02 GUSID T215,","start":"08:30","end":"09:30","x":295,"y":-104,"color":"#D9D9D9"},{"text":"ENGENG06\r\nSARFR\r\nH420,","start":"10:00","end":"11:00","x":151,"y":-216,"color":"#D9D9D9"},{"text":"KEMKEM01\r\nMARLU\r\nD221,","start":"11:10","end":"12:10","x":150,"y":-304,"color":"#D9D9D9"},{"text":"Lunch\r\n,","start":"12:20","end":"12:50","x":37,"y":-373,"color":"#D9D9D9"},{"text":"MATMAT03c\r\nGUSID\r\nT312,","start":"13:00","end":"14:00","x":154,"y":-442,"color":"#D9D9D9"},{"text":"FYSFYS02 ANDDA T315,","start":"14:30","end":"17:50","x":374,"y":-567,"color":"#D9D9D9"},{"text":"IV ,","start":"16:40","end":"17:50","x":195,"y":-574,"color":"#D9D9D9"},{"text":"ENTENR0 ANDSU H309,","start":"16:40","end":"17:50","x":285,"y":-574,"color":"#D9D9D9"},{"text":"IDRIDR02 BOJAC VAHB,P3,F4","start":"16:40","end":"18:10","x":464,"y":-587,"color":"#D9D9D9"},{"text":"CADCAD01 DJOBR H407,","start":"14:30","end":"16:30","x":16,"y":-593,"color":"#D9D9D9"},{"text":"PSKPSY01 PERSU H305,","start":"14:30","end":"16:30","x":105,"y":-593,"color":"#D9D9D9"}]},{"Header":"Onsdag 4/3","Lessons":[{"text":"SVASVA02 SELHA H415,","start":"08:10","end":"09:20","x":26,"y":-85,"color":"#D9D9D9"},{"text":"SVESVE02 SANHO H420,","start":"08:10","end":"09:20","x":295,"y":-85,"color":"#D9D9D9"},{"text":"BILBIL01 MADDA,MARMO B202,","start":"09:40","end":"11:00","x":26,"y":-204,"color":"#D9D9D9"},{"text":"PRRPRR01 TINBE T419,","start":"09:50","end":"11:10","x":295,"y":-217,"color":"#D9D9D9"},{"text":"Lunch\r\n,","start":"11:10","end":"11:40","x":37,"y":-285,"color":"#D9D9D9"},{"text":"ENGENG06\r\nSARFR\r\nH417,","start":"11:50","end":"12:50","x":151,"y":-354,"color":"#D9D9D9"},{"text":"FYSFYS02 GUSID T219,","start":"13:00","end":"14:00","x":374,"y":-442,"color":"#D9D9D9"},{"text":"MODFRA04\r\nJOHLE\r\nH420, MODSPA04\r\nARIVA\r\nH406, MODDEU04\r\nINGES\r\nH418,","start":"13:00","end":"14:20","x":82,"y":-454,"color":"#D9D9D9"},{"text":"Studietid\r\n,","start":"14:30","end":"17:00","x":37,"y":-611,"color":"#D9D9D9"}]},{"Header":"Torsdag 5/3","Lessons":[{"text":"FYSFYS02 ANDDA T416,","start":"08:10","end":"09:30","x":464,"y":-91,"color":"#D9D9D9"},{"text":"ENTENR0 ANDSU H309,","start":"08:10","end":"09:40","x":16,"y":-97,"color":"#D9D9D9"},{"text":"IDRIDR02 BOJAC  VAHC, F11,P12","start":"08:10","end":"09:40","x":195,"y":-97,"color":"#D9D9D9"},{"text":"IV ,","start":"08:10","end":"09:40","x":105,"y":-98,"color":"#D9D9D9"},{"text":"CADCAD01 DJOBR H407,","start":"08:10","end":"09:40","x":285,"y":-98,"color":"#D9D9D9"},{"text":"PSKPSY01 PERSU H305,","start":"08:10","end":"09:40","x":374,"y":-98,"color":"#D9D9D9"},{"text":"DESDES01 MADDA,MARMO B202,","start":"10:10","end":"11:30","x":26,"y":-242,"color":"#D9D9D9"},{"text":"KOTKOS01 NILWI M2,M1,","start":"10:10","end":"11:30","x":295,"y":-242,"color":"#D9D9D9"},{"text":"KOTKOS01 NILWI M2,M1,","start":"11:40","end":"13:00","x":26,"y":-355,"color":"#D9D9D9"},{"text":"PRRPRR01 TINBE T417,","start":"11:40","end":"13:00","x":295,"y":-355,"color":"#D9D9D9"},{"text":"Lunch\r\n,","start":"13:05","end":"13:35","x":37,"y":-429,"color":"#D9D9D9"},{"text":"MATMAT03c\r\nGUSID\r\nT416,","start":"13:40","end":"14:40","x":154,"y":-492,"color":"#D9D9D9"}]},{"Header":"Fredag 6/3","Lessons":[{"text":"SVASVA02 SELHA H415,","start":"08:10","end":"09:20","x":26,"y":-85,"color":"#D9D9D9"},{"text":"SVESVE02 SANHO H408,","start":"08:10","end":"09:20","x":295,"y":-85,"color":"#D9D9D9"},{"text":"KEMKEM01\r\nMARLU\r\nD304,","start":"09:40","end":"10:40","x":150,"y":-191,"color":"#D9D9D9"},{"text":"MENTOR\r\nMADDA,GUSID\r\nT223,","start":"10:50","end":"11:20","x":133,"y":-260,"color":"#D9D9D9"},{"text":"MATMAT03c\r\nGUSID\r\nT223,","start":"11:30","end":"12:30","x":154,"y":-329,"color":"#D9D9D9"},{"text":"Lunch\r\n,","start":"12:35","end":"13:05","x":37,"y":-392,"color":"#D9D9D9"},{"text":"FYSFYS02\r\nGUSID\r\nT312,","start":"13:10","end":"14:10","x":150,"y":-455,"color":"#D9D9D9"},{"text":"KOTKOS01\r\nNILWI\r\nM1,","start":"14:20","end":"15:30","x":155,"y":-548,"color":"#D9D9D9"}]}],"Time":0,"ClassId":"TE13G","SchoolId":"89920","WeekNumber":10,"SchemeURLs":["http://www.novasoftware.se/ImgGen/schedulegenerator.aspx?format=pdf&schoolid=89920&id=TE13G&period=&week=10&width=1&height=1&day=1","http://www.novasoftware.se/ImgGen/schedulegenerator.aspx?format=pdf&schoolid=89920&id=TE13G&period=&week=10&width=1&height=1&day=2","http://www.novasoftware.se/ImgGen/schedulegenerator.aspx?format=pdf&schoolid=89920&id=TE13G&period=&week=10&width=1&height=1&day=4","http://www.novasoftware.se/ImgGen/schedulegenerator.aspx?format=pdf&schoolid=89920&id=TE13G&period=&week=10&width=1&height=1&day=8","http://www.novasoftware.se/ImgGen/schedulegenerator.aspx?format=pdf&schoolid=89920&id=TE13G&period=&week=10&width=1&height=1&day=16"],"Error":false,"ErrorMessage":null,"ErrorTrace":null}