{"Days":[{"Header":"Måndag 9/2","Lessons":[{"text":"ENGENG05\r\nFILJO\r\nH417,","start":"08:10","end":"09:10","x":153,"y":-79,"color":"#D9D9D9"},{"text":"MENTOR\r\nEMMBL,FILJO\r\nH417,","start":"09:10","end":"09:40","x":134,"y":-135,"color":"#D9D9D9"},{"text":"SVESVE01 ACHMI H308,","start":"10:00","end":"11:10","x":26,"y":-223,"color":"#D9D9D9"},{"text":"SVASVA01 SELHA H415,","start":"10:00","end":"11:10","x":295,"y":-223,"color":"#D9D9D9"},{"text":"Lunch\r\n,","start":"11:20","end":"11:50","x":37,"y":-298,"color":"#D9D9D9"},{"text":"MATMAT01c\r\nEMMBL\r\nT218,","start":"12:00","end":"13:00","x":151,"y":-367,"color":"#D9D9D9"},{"text":"KEMKEM01\r\nASAWA\r\nD228,","start":"13:10","end":"14:10","x":151,"y":-455,"color":"#D9D9D9"},{"text":"MODSPA03\r\nARIVA\r\nH406, MODSPA03\r\nSANGR\r\nH422, MODDEU03\r\nINGES\r\nH418,","start":"14:30","end":"15:50","x":82,"y":-567,"color":"#D9D9D9"},{"text":"BIOBIO01\r\nASAWA\r\nD228,","start":"16:00","end":"17:00","x":146,"y":-668,"color":"#D9D9D9"}]},{"Header":"Tisdag 10/2","Lessons":[{"text":"IDRIDR01\r\nAGNIS\r\nVAHE,F11,P12","start":"08:10","end":"09:30","x":133,"y":-91,"color":"#D9D9D9"},{"text":"MATMAT01c\r\nEMMBL\r\nT215,","start":"10:00","end":"11:00","x":151,"y":-216,"color":"#D9D9D9"},{"text":"FYSFYS01a\r\nEMMBL\r\nT215,","start":"11:10","end":"12:10","x":149,"y":-304,"color":"#D9D9D9"},{"text":"Lunch\r\n,","start":"12:20","end":"12:50","x":37,"y":-373,"color":"#D9D9D9"},{"text":"KEMKEM01 ASAWA D317,","start":"13:10","end":"14:30","x":26,"y":-468,"color":"#D9D9D9"},{"text":"FYSFYS01a EMMBL T310,","start":"13:10","end":"14:30","x":295,"y":-468,"color":"#D9D9D9"},{"text":"KEMKEM01 ASAWA D317,","start":"14:40","end":"16:00","x":26,"y":-580,"color":"#D9D9D9"},{"text":"FYSFYS01a EMMBL T310,","start":"14:40","end":"16:00","x":295,"y":-580,"color":"#D9D9D9"}]},{"Header":"Onsdag 11/2","Lessons":[{"text":"MODSPA03\r\nARIVA\r\nH406, MODSPA03\r\nSANGR\r\nH422, MODDEU03\r\nINGES\r\nH418,","start":"08:10","end":"09:40","x":82,"y":-97,"color":"#D9D9D9"},{"text":"SVASVA01 SELHA H415,","start":"10:00","end":"11:10","x":26,"y":-223,"color":"#D9D9D9"},{"text":"SVESVE01 ACHMI H309,","start":"10:00","end":"11:10","x":295,"y":-223,"color":"#D9D9D9"},{"text":"MATMAT01c\r\nEMMBL\r\nT416,","start":"11:30","end":"12:30","x":151,"y":-329,"color":"#D9D9D9"},{"text":"Lunch\r\n,","start":"12:40","end":"13:10","x":37,"y":-398,"color":"#D9D9D9"},{"text":"FYSFYS01a\r\nEMMBL\r\nT312,","start":"13:10","end":"14:20","x":149,"y":-461,"color":"#D9D9D9"},{"text":"Kemiprov\r\nT413,","start":"14:30","end":"17:00","x":37,"y":-611,"color":"#D9D9D9"}]},{"Header":"Torsdag 12/2","Lessons":[{"text":"ENGENG05\r\nFILJO\r\nH418,","start":"08:40","end":"09:40","x":153,"y":-116,"color":"#D9D9D9"},{"text":"BIOBIO01\r\nASAWA\r\nD228,","start":"10:20","end":"11:40","x":146,"y":-254,"color":"#D9D9D9"},{"text":"Lunch\r\n,","start":"11:50","end":"12:20","x":37,"y":-335,"color":"#D9D9D9"},{"text":"SVESVE01 ACHMI H309,","start":"12:40","end":"13:50","x":26,"y":-424,"color":"#D9D9D9"},{"text":"SVASVA01 SELHA H415,","start":"12:40","end":"13:50","x":295,"y":-424,"color":"#D9D9D9"},{"text":"SAMSAM01\r\nACHMI\r\nH309,","start":"14:10","end":"15:20","x":150,"y":-536,"color":"#D9D9D9"},{"text":"IDRIDR01\r\nAGNIS\r\nVAHE,P5,F6","start":"15:40","end":"17:00","x":137,"y":-655,"color":"#D9D9D9"}]},{"Header":"Fredag 13/2","Lessons":[{"text":"MATMAT01c\r\nELIIV\r\nD228,","start":"10:30","end":"11:30","x":155,"y":-254,"color":"#D9D9D9"},{"text":"SAMSAM01\r\nACHMI\r\nH306,","start":"11:40","end":"12:50","x":150,"y":-348,"color":"#D9D9D9"},{"text":"Lunch\r\n,","start":"12:50","end":"13:20","x":37,"y":-410,"color":"#D9D9D9"},{"text":"ENGENG05\r\nFILJO\r\nH418,","start":"13:40","end":"14:40","x":153,"y":-492,"color":"#D9D9D9"},{"text":"SVA stöd\r\nSELHA\r\nH415,","start":"14:50","end":"16:20","x":145,"y":-599,"color":"#D9D9D9"}]}],"Time":0,"ClassId":"NA14A","SchoolId":"89920","WeekNumber":7,"SchemeURLs":["http://www.novasoftware.se/ImgGen/schedulegenerator.aspx?format=pdf&schoolid=89920&id=NA14A&period=&week=7&width=1&height=1&day=1","http://www.novasoftware.se/ImgGen/schedulegenerator.aspx?format=pdf&schoolid=89920&id=NA14A&period=&week=7&width=1&height=1&day=2","http://www.novasoftware.se/ImgGen/schedulegenerator.aspx?format=pdf&schoolid=89920&id=NA14A&period=&week=7&width=1&height=1&day=4","http://www.novasoftware.se/ImgGen/schedulegenerator.aspx?format=pdf&schoolid=89920&id=NA14A&period=&week=7&width=1&height=1&day=8","http://www.novasoftware.se/ImgGen/schedulegenerator.aspx?format=pdf&schoolid=89920&id=NA14A&period=&week=7&width=1&height=1&day=16"],"Error":false,"ErrorMessage":null,"ErrorTrace":null}