{"Days":[{"Header":"Måndag 9/2","Lessons":[{"text":"RELREL01\r\nPERSU\r\nH306,","start":"08:10","end":"09:10","x":149,"y":-79,"color":"#D9D9D9"},{"text":"NAVNAT00S\r\nASAWA\r\nD308, ENTENR0\r\nPERSU\r\nH306, ENGENG07\r\nHEJOM\r\nH418, MATMAT05\r\nDJOBR\r\nT223,","start":"10:00","end":"11:30","x":84,"y":-234,"color":"#D9D9D9"},{"text":"SVESVE03 SANHO H408,","start":"11:40","end":"12:50","x":26,"y":-348,"color":"#D9D9D9"},{"text":"SVASVA03 SELHA H415,","start":"11:40","end":"12:50","x":295,"y":-348,"color":"#D9D9D9"},{"text":"Lunch\r\n,","start":"12:55","end":"13:25","x":37,"y":-417,"color":"#D9D9D9"},{"text":"NAVNAT00S\r\nANDFR\r\nD304, ELEELR0\r\nAZRHO\r\nT419, ENGENG07\r\nFILJO\r\nH417, MATMAT05\r\nSTALE\r\nT223, MATMAT05\r\nTINBE\r\nT218,","start":"14:00","end":"15:30","x":84,"y":-536,"color":"#D9D9D9"}]},{"Header":"Tisdag 10/2","Lessons":[{"text":"GA\r\n,","start":"08:10","end":"09:50","x":37,"y":-104,"color":"#D9D9D9"},{"text":"MENTOR\r\nNILWI,LAIKA\r\nM1,","start":"10:10","end":"10:40","x":139,"y":-210,"color":"#D9D9D9"},{"text":"RELREL01\r\nPERSU\r\nM1,","start":"10:40","end":"12:00","x":153,"y":-279,"color":"#D9D9D9"},{"text":"Lunch\r\n,","start":"12:10","end":"12:40","x":37,"y":-360,"color":"#D9D9D9"},{"text":"HISHIS01b WICMA H305,","start":"12:50","end":"14:00","x":26,"y":-436,"color":"#D9D9D9"},{"text":"SAMSAM01 ANDSU H308,","start":"12:50","end":"14:00","x":295,"y":-436,"color":"#D9D9D9"},{"text":"IV ,","start":"14:30","end":"16:00","x":83,"y":-574,"color":"#D9D9D9"},{"text":"ENTENR0 ANDSU H309,","start":"14:30","end":"16:00","x":150,"y":-574,"color":"#D9D9D9"},{"text":"PRRPRR01 TINBE T417,","start":"14:30","end":"16:00","x":352,"y":-574,"color":"#D9D9D9"},{"text":"PRRPRR02 NIKGY T419,","start":"14:30","end":"16:00","x":419,"y":-574,"color":"#D9D9D9"},{"text":"FYSFYS03 ANDBR T218,","start":"14:30","end":"16:00","x":486,"y":-574,"color":"#D9D9D9"},{"text":"ENGENG07 HEJOM H417,","start":"14:30","end":"16:00","x":217,"y":-574,"color":"#D9D9D9"},{"text":"MATMAT05 VIVNY H422,","start":"14:30","end":"16:00","x":285,"y":-574,"color":"#D9D9D9"},{"text":"CADCAD01 DJOBR  H407,","start":"14:30","end":"18:30","x":16,"y":-589,"color":"#D9D9D9"}]},{"Header":"Onsdag 11/2","Lessons":[{"text":"NAVNAT00S\r\nANDFR\r\nD304, ELEELR0\r\nAZRHO\r\nT419, MATMAT05\r\nSTALE\r\nT223, ENGENG07\r\nFILJO\r\nH417, MATMAT05\r\nTINBE\r\nT215,","start":"08:10","end":"09:40","x":84,"y":-97,"color":"#D9D9D9"},{"text":"RELREL01\r\nPERSU\r\nH418,","start":"09:50","end":"11:10","x":149,"y":-216,"color":"#D9D9D9"},{"text":"MATMAT04\r\nGUSID\r\nT223,","start":"11:20","end":"12:20","x":152,"y":-317,"color":"#D9D9D9"},{"text":"Lunch\r\n,","start":"12:30","end":"13:00","x":37,"y":-385,"color":"#D9D9D9"}]},{"Header":"Torsdag 12/2","Lessons":[{"text":"CADCAD01 DJOBR  H407,","start":"08:10","end":"09:40","x":486,"y":-94,"color":"#D9D9D9"},{"text":"ENTENR0 ANDSU H309,","start":"08:10","end":"09:40","x":83,"y":-97,"color":"#D9D9D9"},{"text":"FYSFYS03 ANDBR T218,","start":"08:10","end":"09:40","x":217,"y":-97,"color":"#D9D9D9"},{"text":"PRRPRR01 TINBE T417,","start":"08:10","end":"09:40","x":352,"y":-97,"color":"#D9D9D9"},{"text":"PRRPRR02 NIKGY T419,","start":"08:10","end":"09:40","x":419,"y":-97,"color":"#D9D9D9"},{"text":"IV ,","start":"08:10","end":"09:40","x":16,"y":-98,"color":"#D9D9D9"},{"text":"ENGENG07 HEJOM H417,","start":"08:10","end":"09:40","x":150,"y":-98,"color":"#D9D9D9"},{"text":"MATMAT05 VIVNY D221,","start":"08:10","end":"09:40","x":285,"y":-98,"color":"#D9D9D9"},{"text":"SAMSAM01 ANDSU H308,","start":"10:10","end":"11:20","x":26,"y":-236,"color":"#D9D9D9"},{"text":"HISHIS01b WICMA H306,","start":"10:10","end":"11:20","x":295,"y":-236,"color":"#D9D9D9"},{"text":"MATMAT04\r\nGUSID\r\nT223,","start":"11:30","end":"12:30","x":152,"y":-329,"color":"#D9D9D9"},{"text":"Lunch\r\n,","start":"12:40","end":"13:10","x":37,"y":-398,"color":"#D9D9D9"},{"text":"NAVNAT00S\r\nASAWA\r\nD308, ENGENG07\r\nHEJOM\r\nH417, MATMAT05\r\nDJOBR\r\nT218, ENTENR0\r\nPERSU\r\nH306,","start":"14:00","end":"15:30","x":84,"y":-535,"color":"#D9D9D9"}]},{"Header":"Fredag 13/2","Lessons":[{"text":"HISHIS01b WICMA H309,","start":"08:10","end":"09:20","x":26,"y":-85,"color":"#D9D9D9"},{"text":"SAMSAM01 ANDSU H305,","start":"08:10","end":"09:20","x":295,"y":-85,"color":"#D9D9D9"},{"text":"MATMAT04\r\nGUSID\r\nT223,","start":"09:40","end":"10:40","x":152,"y":-191,"color":"#D9D9D9"},{"text":"Lunch\r\n,","start":"11:00","end":"11:30","x":37,"y":-273,"color":"#D9D9D9"},{"text":"SVASVA03 SELHA H415,","start":"12:00","end":"13:10","x":26,"y":-374,"color":"#D9D9D9"},{"text":"SVESVE03 SANHO H408,","start":"12:00","end":"13:10","x":295,"y":-374,"color":"#D9D9D9"}]}],"Time":0,"ClassId":"NT12G","SchoolId":"89920","WeekNumber":7,"SchemeURLs":["http://www.novasoftware.se/ImgGen/schedulegenerator.aspx?format=pdf&schoolid=89920&id=NT12G&period=&week=7&width=1&height=1&day=1","http://www.novasoftware.se/ImgGen/schedulegenerator.aspx?format=pdf&schoolid=89920&id=NT12G&period=&week=7&width=1&height=1&day=2","http://www.novasoftware.se/ImgGen/schedulegenerator.aspx?format=pdf&schoolid=89920&id=NT12G&period=&week=7&width=1&height=1&day=4","http://www.novasoftware.se/ImgGen/schedulegenerator.aspx?format=pdf&schoolid=89920&id=NT12G&period=&week=7&width=1&height=1&day=8","http://www.novasoftware.se/ImgGen/schedulegenerator.aspx?format=pdf&schoolid=89920&id=NT12G&period=&week=7&width=1&height=1&day=16"],"Error":false,"ErrorMessage":null,"ErrorTrace":null}