{"Days":[{"Header":"Måndag 16/2","Lessons":[]},{"Header":"Tisdag 17/2","Lessons":[]},{"Header":"Onsdag 18/2","Lessons":[]},{"Header":"Torsdag 19/2","Lessons":[]},{"Header":"Fredag 20/2","Lessons":[]}],"Time":0,"ClassId":"TE14E","SchoolId":"89920","WeekNumber":8,"SchemeURLs":["http://www.novasoftware.se/ImgGen/schedulegenerator.aspx?format=pdf&schoolid=89920&id=TE14E&period=&week=8&width=1&height=1&day=1","http://www.novasoftware.se/ImgGen/schedulegenerator.aspx?format=pdf&schoolid=89920&id=TE14E&period=&week=8&width=1&height=1&day=2","http://www.novasoftware.se/ImgGen/schedulegenerator.aspx?format=pdf&schoolid=89920&id=TE14E&period=&week=8&width=1&height=1&day=4","http://www.novasoftware.se/ImgGen/schedulegenerator.aspx?format=pdf&schoolid=89920&id=TE14E&period=&week=8&width=1&height=1&day=8","http://www.novasoftware.se/ImgGen/schedulegenerator.aspx?format=pdf&schoolid=89920&id=TE14E&period=&week=8&width=1&height=1&day=16"],"Error":false,"ErrorMessage":null,"ErrorTrace":null}