{"Days":[{"Header":"Måndag 9/2","Lessons":[{"text":"MATMAT04 STALE T223,","start":"08:30","end":"09:30","x":26,"y":-104,"color":"#D9D9D9"},{"text":"MATMAT04 VIVNY T218,","start":"08:30","end":"09:30","x":295,"y":-104,"color":"#D9D9D9"},{"text":"NAVNAT00S ASAWA D308,","start":"10:00","end":"11:30","x":26,"y":-235,"color":"#D9D9D9"},{"text":"ENGENG07 HEJOM H418,","start":"10:00","end":"11:30","x":295,"y":-235,"color":"#D9D9D9"},{"text":"SVESVE03 THOLE H306,","start":"11:40","end":"12:50","x":26,"y":-348,"color":"#D9D9D9"},{"text":"SVASVA03 SELHA H415,","start":"11:40","end":"12:50","x":295,"y":-348,"color":"#D9D9D9"},{"text":"Lunch\r\n,","start":"13:00","end":"13:30","x":37,"y":-423,"color":"#D9D9D9"},{"text":"NAVNAT00S ANDFR D304,","start":"14:00","end":"15:30","x":16,"y":-536,"color":"#D9D9D9"},{"text":"MATMAT05 TINBE T218,","start":"14:00","end":"15:30","x":195,"y":-536,"color":"#D9D9D9"},{"text":"Lin alg Liu,","start":"15:00","end":"18:00","x":374,"y":-668,"color":"#D9D9D9"}]},{"Header":"Tisdag 10/2","Lessons":[{"text":"MATMAT04\r\nSTALE\r\nT223, MATMAT04\r\nVIVNY\r\nH422, MATMAT00S\r\nMIKRY\r\nT311,","start":"10:30","end":"11:30","x":85,"y":-254,"color":"#D9D9D9"},{"text":"Lunch\r\n,","start":"11:30","end":"12:00","x":37,"y":-310,"color":"#D9D9D9"},{"text":"SVESVE03\r\nTHOLE\r\nH406,","start":"12:10","end":"13:20","x":149,"y":-385,"color":"#D9D9D9"},{"text":"IV ,","start":"14:30","end":"16:00","x":16,"y":-574,"color":"#D9D9D9"},{"text":"DAODAT0 DAHJO T221,","start":"14:30","end":"16:00","x":123,"y":-574,"color":"#D9D9D9"},{"text":"MATMAT05 VIVNY H422,","start":"14:30","end":"16:00","x":231,"y":-574,"color":"#D9D9D9"},{"text":"PRRPRR01 TINBE T417,","start":"14:30","end":"16:00","x":338,"y":-574,"color":"#D9D9D9"},{"text":"PRRPRR02 NIKGY T419,","start":"14:30","end":"16:00","x":446,"y":-574,"color":"#D9D9D9"}]},{"Header":"Onsdag 11/2","Lessons":[{"text":"NAVNAT00S ANDFR D304,","start":"08:10","end":"09:40","x":26,"y":-98,"color":"#D9D9D9"},{"text":"MATMAT05 TINBE T215,","start":"08:10","end":"09:40","x":295,"y":-98,"color":"#D9D9D9"},{"text":"MATMAT04\r\nSTALE\r\nT223, MATMAT04\r\nVIVNY\r\nT219, MATMAT05\r\nMIKRY\r\nT413,","start":"10:10","end":"11:10","x":81,"y":-229,"color":"#D9D9D9"},{"text":"GA-hand\r\nMIKRY,ANDSJ,CARLI\r\n,","start":"12:30","end":"13:00","x":128,"y":-385,"color":"#D9D9D9"},{"text":"RELREL01\r\nPERSU\r\nH305,","start":"13:10","end":"14:20","x":149,"y":-461,"color":"#D9D9D9"},{"text":"Lin alg\r\nLiu,","start":"15:00","end":"18:00","x":37,"y":-667,"color":"#D9D9D9"}]},{"Header":"Torsdag 12/2","Lessons":[{"text":"DAODAT0 DAHJO T221,","start":"08:10","end":"09:40","x":123,"y":-97,"color":"#D9D9D9"},{"text":"MATMAT05 VIVNY D221,","start":"08:10","end":"09:40","x":231,"y":-97,"color":"#D9D9D9"},{"text":"PRRPRR01 TINBE T417,","start":"08:10","end":"09:40","x":338,"y":-97,"color":"#D9D9D9"},{"text":"PRRPRR02 NIKGY T419,","start":"08:10","end":"09:40","x":446,"y":-97,"color":"#D9D9D9"},{"text":"IV ,","start":"08:10","end":"09:40","x":16,"y":-98,"color":"#D9D9D9"},{"text":"MATMAT04\r\nSTALE\r\nT223, MATMAT04\r\nVIVNY\r\nT215, MATMAT00S\r\nMIKRY\r\nD207,","start":"10:10","end":"11:10","x":85,"y":-229,"color":"#D9D9D9"},{"text":"RELREL01\r\nPERSU\r\nH305,","start":"11:20","end":"12:30","x":149,"y":-323,"color":"#D9D9D9"},{"text":"Lunch\r\n,","start":"12:30","end":"13:00","x":37,"y":-385,"color":"#D9D9D9"},{"text":"NAVNAT00S ASAWA D308,","start":"14:00","end":"15:30","x":26,"y":-536,"color":"#D9D9D9"},{"text":"ENGENG07 HEJOM H417,","start":"14:00","end":"15:30","x":295,"y":-536,"color":"#D9D9D9"}]},{"Header":"Fredag 13/2","Lessons":[{"text":"MATMAT05\r\nMIKRY\r\nT218,","start":"08:10","end":"09:10","x":151,"y":-79,"color":"#D9D9D9"},{"text":"MENTOR\r\nMIKRY,THOLE\r\nH308,","start":"09:30","end":"10:00","x":133,"y":-160,"color":"#D9D9D9"},{"text":"RELREL01\r\nPERSU\r\nH308,","start":"10:00","end":"11:10","x":149,"y":-222,"color":"#D9D9D9"},{"text":"Lunch\r\n,","start":"11:20","end":"11:50","x":37,"y":-298,"color":"#D9D9D9"},{"text":"SVASVA03\r\nSELHA\r\nH415,","start":"12:00","end":"13:10","x":150,"y":-373,"color":"#D9D9D9"}]}],"Time":0,"ClassId":"NA12C","SchoolId":"89920","WeekNumber":7,"SchemeURLs":["http://www.novasoftware.se/ImgGen/schedulegenerator.aspx?format=pdf&schoolid=89920&id=NA12C&period=&week=7&width=1&height=1&day=1","http://www.novasoftware.se/ImgGen/schedulegenerator.aspx?format=pdf&schoolid=89920&id=NA12C&period=&week=7&width=1&height=1&day=2","http://www.novasoftware.se/ImgGen/schedulegenerator.aspx?format=pdf&schoolid=89920&id=NA12C&period=&week=7&width=1&height=1&day=4","http://www.novasoftware.se/ImgGen/schedulegenerator.aspx?format=pdf&schoolid=89920&id=NA12C&period=&week=7&width=1&height=1&day=8","http://www.novasoftware.se/ImgGen/schedulegenerator.aspx?format=pdf&schoolid=89920&id=NA12C&period=&week=7&width=1&height=1&day=16"],"Error":false,"ErrorMessage":null,"ErrorTrace":null}