{"Days":[{"Header":"Måndag 2/3","Lessons":[]},{"Header":"Tisdag 3/3","Lessons":[{"text":"Id\r\nCAMCA\r\nVAHA,P9,F10","start":"10:50","end":"11:50","x":118,"y":-279,"color":"#D9D9D9"}]},{"Header":"Onsdag 4/3","Lessons":[{"text":"Id\r\nCAMCA\r\nVAHE,P9,F10","start":"10:50","end":"11:50","x":118,"y":-279,"color":"#D9D9D9"}]},{"Header":"Torsdag 5/3","Lessons":[{"text":"Id\r\nCAMCA\r\nVAHC,P5,F6","start":"11:25","end":"12:25","x":120,"y":-323,"color":"#D9D9D9"}]},{"Header":"Fredag 6/3","Lessons":[]}],"Time":0,"ClassId":"IA2","SchoolId":"89920","WeekNumber":10,"SchemeURLs":["http://www.novasoftware.se/ImgGen/schedulegenerator.aspx?format=pdf&schoolid=89920&id=IA2&period=&week=10&width=1&height=1&day=1","http://www.novasoftware.se/ImgGen/schedulegenerator.aspx?format=pdf&schoolid=89920&id=IA2&period=&week=10&width=1&height=1&day=2","http://www.novasoftware.se/ImgGen/schedulegenerator.aspx?format=pdf&schoolid=89920&id=IA2&period=&week=10&width=1&height=1&day=4","http://www.novasoftware.se/ImgGen/schedulegenerator.aspx?format=pdf&schoolid=89920&id=IA2&period=&week=10&width=1&height=1&day=8","http://www.novasoftware.se/ImgGen/schedulegenerator.aspx?format=pdf&schoolid=89920&id=IA2&period=&week=10&width=1&height=1&day=16"],"Error":false,"ErrorMessage":null,"ErrorTrace":null}