{"Days":[{"Header":"Måndag 9/2","Lessons":[{"text":"MATMAT03c\r\nSJOMA\r\nT215,","start":"09:20","end":"10:20","x":153,"y":-166,"color":"#D9D9D9"},{"text":"KEMKEM01\r\nMARLU\r\nD304,","start":"10:30","end":"11:30","x":150,"y":-254,"color":"#D9D9D9"},{"text":"Lunch\r\n,","start":"11:40","end":"12:10","x":37,"y":-323,"color":"#D9D9D9"},{"text":"PRRPRR01\r\nNIKGY\r\nT417,","start":"12:20","end":"13:40","x":150,"y":-404,"color":"#D9D9D9"},{"text":"SVASVA02 SELHA H306,","start":"14:10","end":"15:20","x":26,"y":-536,"color":"#D9D9D9"},{"text":"SVESVE02 JENRO H409,","start":"14:10","end":"15:20","x":295,"y":-536,"color":"#D9D9D9"},{"text":"GRÄGRÄ0\r\nJULSH\r\nT417,","start":"15:40","end":"17:00","x":150,"y":-655,"color":"#D9D9D9"}]},{"Header":"Tisdag 10/2","Lessons":[{"text":"DAODAT0\r\nJULSH\r\nT221,","start":"09:00","end":"10:20","x":150,"y":-153,"color":"#D9D9D9"},{"text":"MATMAT03c\r\nSJOMA\r\nT416,","start":"10:30","end":"11:30","x":153,"y":-254,"color":"#D9D9D9"},{"text":"Lunch\r\n,","start":"11:40","end":"12:10","x":37,"y":-323,"color":"#D9D9D9"},{"text":"ENGENG06\r\nINGES\r\nH418,","start":"12:20","end":"13:20","x":152,"y":-392,"color":"#D9D9D9"},{"text":"FYSFYS02 SJOMA T219,","start":"13:40","end":"15:10","x":26,"y":-511,"color":"#D9D9D9"},{"text":"IV ,","start":"14:30","end":"16:00","x":295,"y":-574,"color":"#D9D9D9"}]},{"Header":"Onsdag 11/2","Lessons":[{"text":"DAODAT0 JULSH T221,","start":"08:10","end":"09:30","x":26,"y":-92,"color":"#D9D9D9"},{"text":"PRRPRR01 NIKGY T417,","start":"08:10","end":"09:30","x":295,"y":-92,"color":"#D9D9D9"},{"text":"DAODAT0 JULSH T221,","start":"09:40","end":"11:00","x":26,"y":-204,"color":"#D9D9D9"},{"text":"PRRPRR01 NIKGY T417,","start":"09:40","end":"11:00","x":295,"y":-204,"color":"#D9D9D9"},{"text":"KEMKEM01\r\nMARLU\r\nD221,","start":"11:10","end":"12:10","x":150,"y":-304,"color":"#D9D9D9"},{"text":"Lunch\r\n,","start":"12:20","end":"12:50","x":37,"y":-373,"color":"#D9D9D9"},{"text":"Kemiprov\r\nS,","start":"14:30","end":"17:00","x":37,"y":-611,"color":"#D9D9D9"}]},{"Header":"Torsdag 12/2","Lessons":[{"text":"IV ,","start":"08:10","end":"09:40","x":26,"y":-98,"color":"#D9D9D9"},{"text":"FYSFYS02 SJOMA T215,","start":"08:10","end":"09:40","x":295,"y":-98,"color":"#D9D9D9"},{"text":"SVASVA02 SELHA H415,","start":"10:10","end":"11:20","x":26,"y":-236,"color":"#D9D9D9"},{"text":"SVESVE02 JENRO H409,","start":"10:10","end":"11:20","x":295,"y":-236,"color":"#D9D9D9"},{"text":"MENTOR\r\nJENRO,JULSH\r\nH409,","start":"11:20","end":"11:50","x":134,"y":-298,"color":"#D9D9D9"},{"text":"Lunch\r\n,","start":"12:00","end":"12:30","x":37,"y":-348,"color":"#D9D9D9"},{"text":"KEMKEM01 MARLU D317,","start":"13:10","end":"14:30","x":26,"y":-468,"color":"#D9D9D9"},{"text":"WEBWEU01 JULSH T419,","start":"13:10","end":"14:30","x":295,"y":-468,"color":"#D9D9D9"},{"text":"KEMKEM01 MARLU D317,","start":"14:40","end":"16:00","x":26,"y":-580,"color":"#D9D9D9"},{"text":"WEBWEU01 JULSH T419,","start":"14:40","end":"16:00","x":295,"y":-580,"color":"#D9D9D9"}]},{"Header":"Fredag 13/2","Lessons":[{"text":"GRÄGRÄ0\r\nJULSH\r\nT417,","start":"08:10","end":"09:30","x":150,"y":-91,"color":"#D9D9D9"},{"text":"SVASVA02 SELHA H415,","start":"10:00","end":"11:10","x":26,"y":-223,"color":"#D9D9D9"},{"text":"SVESVE02 JENRO H409,","start":"10:00","end":"11:10","x":295,"y":-223,"color":"#D9D9D9"},{"text":"WEBWEU01\r\nJULSH\r\nT417,","start":"11:20","end":"12:40","x":153,"y":-329,"color":"#D9D9D9"},{"text":"Lunch\r\n,","start":"12:50","end":"13:20","x":37,"y":-410,"color":"#D9D9D9"},{"text":"ENGENG06\r\nINGES\r\nH409,","start":"13:30","end":"14:30","x":152,"y":-480,"color":"#D9D9D9"},{"text":"MATMAT03c\r\nSJOMA\r\nT218,","start":"14:40","end":"15:40","x":153,"y":-567,"color":"#D9D9D9"}]}],"Time":0,"ClassId":"TE13E","SchoolId":"89920","WeekNumber":7,"SchemeURLs":["http://www.novasoftware.se/ImgGen/schedulegenerator.aspx?format=pdf&schoolid=89920&id=TE13E&period=&week=7&width=1&height=1&day=1","http://www.novasoftware.se/ImgGen/schedulegenerator.aspx?format=pdf&schoolid=89920&id=TE13E&period=&week=7&width=1&height=1&day=2","http://www.novasoftware.se/ImgGen/schedulegenerator.aspx?format=pdf&schoolid=89920&id=TE13E&period=&week=7&width=1&height=1&day=4","http://www.novasoftware.se/ImgGen/schedulegenerator.aspx?format=pdf&schoolid=89920&id=TE13E&period=&week=7&width=1&height=1&day=8","http://www.novasoftware.se/ImgGen/schedulegenerator.aspx?format=pdf&schoolid=89920&id=TE13E&period=&week=7&width=1&height=1&day=16"],"Error":false,"ErrorMessage":null,"ErrorTrace":null}