{"Days":[{"Header":"Måndag 23/2","Lessons":[{"text":"Block\r\nDJOBR,ANDSU\r\nM1,","start":"08:10","end":"09:50","x":129,"y":-104,"color":"#D9D9D9"},{"text":"MATMAT02c\r\nALFWI\r\nD228,","start":"10:00","end":"11:00","x":153,"y":-216,"color":"#D9D9D9"},{"text":"ENGENG05\r\nSARFR\r\nH309,","start":"11:10","end":"12:10","x":151,"y":-304,"color":"#D9D9D9"},{"text":"Lunch\r\n,","start":"12:20","end":"12:50","x":37,"y":-373,"color":"#D9D9D9"},{"text":"FYSFYS01a\r\nTOOAN\r\nT413,","start":"13:00","end":"14:00","x":150,"y":-442,"color":"#D9D9D9"},{"text":"HISHIS01a\r\nWICMA\r\nH408,","start":"14:10","end":"15:20","x":147,"y":-536,"color":"#D9D9D9"}]},{"Header":"Tisdag 24/2","Lessons":[{"text":"MODFRE03\r\nJOHLE\r\nH420, MODDEU01\r\nEVALO\r\nH409, MODDEU03\r\nINGES\r\nH418, MODSPA03\r\nARIVA\r\nH406, MODSPA03\r\nSANGR\r\nH422,","start":"08:10","end":"09:40","x":82,"y":-97,"color":"#D9D9D9"},{"text":"SVA stöd SELHA H415,","start":"08:10","end":"09:40","x":374,"y":-97,"color":"#D9D9D9"},{"text":"SVASVA01 SELHA H415,","start":"10:10","end":"11:20","x":26,"y":-236,"color":"#D9D9D9"},{"text":"SVESVE01 SANHO H408,","start":"10:10","end":"11:20","x":295,"y":-236,"color":"#D9D9D9"},{"text":"MATMAT02c\r\nALFWI\r\nM1,","start":"11:30","end":"12:30","x":157,"y":-329,"color":"#D9D9D9"},{"text":"Lunch\r\n,","start":"12:40","end":"13:10","x":37,"y":-398,"color":"#D9D9D9"},{"text":"ENGENG05\r\nSARFR\r\nH415,","start":"13:30","end":"14:30","x":151,"y":-480,"color":"#D9D9D9"},{"text":"IDRIDR01\r\nSANHO\r\nVAHC,F11,P12","start":"14:50","end":"16:10","x":131,"y":-592,"color":"#D9D9D9"}]},{"Header":"Onsdag 25/2","Lessons":[{"text":"TEKTEK01\r\nDJOBR\r\nM1,","start":"08:10","end":"09:10","x":153,"y":-79,"color":"#D9D9D9"},{"text":"MATMAT02c\r\nALFWI\r\nM1,","start":"09:20","end":"10:20","x":157,"y":-166,"color":"#D9D9D9"},{"text":"FYSFYS01a\r\nTOOAN\r\nT413,","start":"10:40","end":"11:40","x":150,"y":-267,"color":"#D9D9D9"},{"text":"Lunch\r\n,","start":"11:50","end":"12:20","x":37,"y":-335,"color":"#D9D9D9"},{"text":"MENTOR\r\nALFWI,CHANO\r\nH415,","start":"13:00","end":"13:20","x":136,"y":-417,"color":"#D9D9D9"},{"text":"ENGENG05\r\nSARFR\r\nH415,","start":"13:20","end":"14:20","x":151,"y":-467,"color":"#D9D9D9"},{"text":"Studietid\r\n,","start":"14:30","end":"17:00","x":37,"y":-611,"color":"#D9D9D9"}]},{"Header":"Torsdag 26/2","Lessons":[{"text":"HISHIS01a\r\nWICMA\r\nH308,","start":"08:30","end":"09:40","x":147,"y":-110,"color":"#D9D9D9"},{"text":"FYSFYS01a\r\nTOOAN\r\nT416,","start":"10:10","end":"11:10","x":150,"y":-229,"color":"#D9D9D9"},{"text":"Lunch\r\n,","start":"11:20","end":"11:50","x":37,"y":-298,"color":"#D9D9D9"},{"text":"IDRIDR01\r\nSANHO\r\nVAHA,F11,P12","start":"12:30","end":"13:50","x":131,"y":-417,"color":"#D9D9D9"},{"text":"MODFRE03\r\nJOHLE\r\nH420, MODSPA03\r\nARIVA\r\nH406, MODSPA03\r\nSANGR\r\nH422, MODDEU01\r\nEVALO\r\nH409, MODDEU03\r\nINGES\r\nH418,","start":"14:30","end":"15:50","x":82,"y":-567,"color":"#D9D9D9"}]},{"Header":"Fredag 27/2","Lessons":[{"text":"MATMAT02c\r\nALFWI\r\nM1,","start":"08:50","end":"09:50","x":157,"y":-129,"color":"#D9D9D9"},{"text":"HISHIS01a\r\nWICMA\r\nH305,","start":"10:00","end":"11:10","x":147,"y":-222,"color":"#D9D9D9"},{"text":"Lunch\r\n,","start":"11:30","end":"12:00","x":37,"y":-310,"color":"#D9D9D9"},{"text":"TEKTEK01\r\nANDSU\r\nH305,","start":"12:10","end":"13:10","x":149,"y":-379,"color":"#D9D9D9"},{"text":"SVASVA01 SELHA H415,","start":"13:20","end":"14:30","x":26,"y":-474,"color":"#D9D9D9"},{"text":"SVESVE01 SANHO H408,","start":"13:20","end":"14:30","x":295,"y":-474,"color":"#D9D9D9"}]}],"Time":0,"ClassId":"TE14G","SchoolId":"89920","WeekNumber":9,"SchemeURLs":["http://www.novasoftware.se/ImgGen/schedulegenerator.aspx?format=pdf&schoolid=89920&id=TE14G&period=&week=9&width=1&height=1&day=1","http://www.novasoftware.se/ImgGen/schedulegenerator.aspx?format=pdf&schoolid=89920&id=TE14G&period=&week=9&width=1&height=1&day=2","http://www.novasoftware.se/ImgGen/schedulegenerator.aspx?format=pdf&schoolid=89920&id=TE14G&period=&week=9&width=1&height=1&day=4","http://www.novasoftware.se/ImgGen/schedulegenerator.aspx?format=pdf&schoolid=89920&id=TE14G&period=&week=9&width=1&height=1&day=8","http://www.novasoftware.se/ImgGen/schedulegenerator.aspx?format=pdf&schoolid=89920&id=TE14G&period=&week=9&width=1&height=1&day=16"],"Error":false,"ErrorMessage":null,"ErrorTrace":null}