{"Days":[{"Header":"Måndag 23/2","Lessons":[{"text":"NÄVNÄR0 JULSH T221,","start":"09:30","end":"11:00","x":26,"y":-198,"color":"#D9D9D9"},{"text":"WEBWEB02 JOHKE T419,","start":"09:30","end":"11:00","x":295,"y":-198,"color":"#D9D9D9"},{"text":"Lunch\r\n,","start":"11:10","end":"11:40","x":37,"y":-285,"color":"#D9D9D9"},{"text":"SVESVE03 JENRO H409,","start":"11:40","end":"12:50","x":26,"y":-348,"color":"#D9D9D9"},{"text":"SVASVA03 SELHA H415,","start":"11:40","end":"12:50","x":295,"y":-348,"color":"#D9D9D9"},{"text":"SAMSAM01\r\nSANLI\r\nH306,","start":"13:00","end":"14:10","x":152,"y":-448,"color":"#D9D9D9"}]},{"Header":"Tisdag 24/2","Lessons":[{"text":"NATE-tid\r\n,","start":"08:10","end":"10:10","x":37,"y":-116,"color":"#D9D9D9"},{"text":"MATMAT04 ANDBR T215,","start":"10:30","end":"11:30","x":295,"y":-254,"color":"#D9D9D9"},{"text":"WEBWEU02 JOHKE T417,","start":"10:30","end":"11:50","x":26,"y":-267,"color":"#D9D9D9"},{"text":"Lunch\r\n,","start":"12:00","end":"12:30","x":37,"y":-348,"color":"#D9D9D9"},{"text":"NÄVNÄR0 JULSH T221,","start":"12:40","end":"14:00","x":26,"y":-430,"color":"#D9D9D9"},{"text":"WEBWEB02 JOHKE T417,","start":"12:40","end":"14:00","x":295,"y":-430,"color":"#D9D9D9"},{"text":"IV ,","start":"14:30","end":"16:00","x":16,"y":-574,"color":"#D9D9D9"},{"text":"BIOBIT0 MARLU D308,","start":"14:30","end":"16:00","x":83,"y":-574,"color":"#D9D9D9"},{"text":"ENTENR0 ANDSU H309,","start":"14:30","end":"16:00","x":150,"y":-574,"color":"#D9D9D9"},{"text":"PRRPRR02 NIKGY T419,","start":"14:30","end":"16:00","x":352,"y":-574,"color":"#D9D9D9"},{"text":"BILBIL01 MADDA, MARMO B202,","start":"14:30","end":"16:00","x":419,"y":-574,"color":"#D9D9D9"},{"text":"ENGENG07 HEJOM H417,","start":"14:30","end":"16:00","x":217,"y":-574,"color":"#D9D9D9"},{"text":"MATMAT05 VIVNY H422,","start":"14:30","end":"16:00","x":285,"y":-574,"color":"#D9D9D9"},{"text":"IDRIDR02 BOJAC VAHA,P3, F4","start":"16:40","end":"18:10","x":486,"y":-586,"color":"#D9D9D9"}]},{"Header":"Onsdag 25/2","Lessons":[{"text":"SAMSAM01\r\nSANLI\r\nH408,","start":"08:30","end":"09:40","x":152,"y":-110,"color":"#D9D9D9"},{"text":"SVASVA03 SELHA H415,","start":"10:00","end":"11:10","x":26,"y":-223,"color":"#D9D9D9"},{"text":"SVESVE03 JENRO H409,","start":"10:00","end":"11:10","x":295,"y":-223,"color":"#D9D9D9"},{"text":"MENTOR\r\nANDBR,JOHKE\r\nH409,","start":"11:20","end":"11:50","x":132,"y":-298,"color":"#D9D9D9"},{"text":"Lunch\r\n,","start":"12:00","end":"12:30","x":37,"y":-348,"color":"#D9D9D9"},{"text":"MATMAT04 ANDBR M1,","start":"12:50","end":"14:00","x":295,"y":-436,"color":"#D9D9D9"},{"text":"WEBWEU02 JOHKE T417,","start":"12:50","end":"14:10","x":26,"y":-442,"color":"#D9D9D9"},{"text":"Studietid\r\n,","start":"14:30","end":"17:00","x":37,"y":-611,"color":"#D9D9D9"}]},{"Header":"Torsdag 26/2","Lessons":[{"text":"BIOBIT0 MARLU D308,","start":"08:10","end":"09:40","x":83,"y":-97,"color":"#D9D9D9"},{"text":"BILBIL01 MADDA, MARMO B202,","start":"08:10","end":"09:40","x":486,"y":-97,"color":"#D9D9D9"},{"text":"ENTENR0 ANDSU H309,","start":"08:10","end":"09:40","x":150,"y":-97,"color":"#D9D9D9"},{"text":"PRRPRR02 NIKGY T419,","start":"08:10","end":"09:40","x":352,"y":-97,"color":"#D9D9D9"},{"text":"IV ,","start":"08:10","end":"09:40","x":16,"y":-98,"color":"#D9D9D9"},{"text":"IDRIDR02 BOJAC VAHB,F11, P12","start":"08:10","end":"09:40","x":419,"y":-98,"color":"#D9D9D9"},{"text":"ENGENG07 HEJOM H417,","start":"08:10","end":"09:40","x":217,"y":-98,"color":"#D9D9D9"},{"text":"MATMAT05 VIVNY D221,","start":"08:10","end":"09:40","x":285,"y":-98,"color":"#D9D9D9"},{"text":"MATMAT04 ANDBR T320,","start":"10:10","end":"11:10","x":26,"y":-229,"color":"#D9D9D9"},{"text":"WEBWEU02 JOHKE T419,","start":"10:10","end":"11:10","x":295,"y":-229,"color":"#D9D9D9"},{"text":"Lunch\r\n,","start":"11:20","end":"11:50","x":37,"y":-298,"color":"#D9D9D9"},{"text":"SAMSAM01\r\nSANLI\r\nH308,","start":"12:00","end":"13:10","x":152,"y":-373,"color":"#D9D9D9"},{"text":"NÄVNÄR0 JULSH T221,","start":"13:20","end":"14:50","x":26,"y":-486,"color":"#D9D9D9"},{"text":"WEBWEB02 JOHKE T419,","start":"13:20","end":"14:50","x":295,"y":-486,"color":"#D9D9D9"}]},{"Header":"Fredag 27/2","Lessons":[{"text":"GA\r\nT419,T221,","start":"08:10","end":"11:10","x":37,"y":-154,"color":"#D9D9D9"},{"text":"Lunch\r\n,","start":"11:20","end":"11:50","x":37,"y":-298,"color":"#D9D9D9"},{"text":"SVASVA03 SELHA H415,","start":"12:00","end":"13:10","x":26,"y":-374,"color":"#D9D9D9"},{"text":"SVESVE03 JENRO H409,","start":"12:00","end":"13:10","x":295,"y":-374,"color":"#D9D9D9"},{"text":"NÄVNÄR0 JULSH T221,","start":"13:30","end":"15:00","x":26,"y":-499,"color":"#D9D9D9"},{"text":"WEBWEB02 JOHKE T419,","start":"13:30","end":"15:00","x":295,"y":-499,"color":"#D9D9D9"}]}],"Time":0,"ClassId":"TE12E","SchoolId":"89920","WeekNumber":9,"SchemeURLs":["http://www.novasoftware.se/ImgGen/schedulegenerator.aspx?format=pdf&schoolid=89920&id=TE12E&period=&week=9&width=1&height=1&day=1","http://www.novasoftware.se/ImgGen/schedulegenerator.aspx?format=pdf&schoolid=89920&id=TE12E&period=&week=9&width=1&height=1&day=2","http://www.novasoftware.se/ImgGen/schedulegenerator.aspx?format=pdf&schoolid=89920&id=TE12E&period=&week=9&width=1&height=1&day=4","http://www.novasoftware.se/ImgGen/schedulegenerator.aspx?format=pdf&schoolid=89920&id=TE12E&period=&week=9&width=1&height=1&day=8","http://www.novasoftware.se/ImgGen/schedulegenerator.aspx?format=pdf&schoolid=89920&id=TE12E&period=&week=9&width=1&height=1&day=16"],"Error":false,"ErrorMessage":null,"ErrorTrace":null}