{"Days":[{"Header":"Måndag 23/2","Lessons":[{"text":"KEMKEM01\r\nMARLU\r\nD304,","start":"08:10","end":"09:10","x":150,"y":-79,"color":"#D9D9D9"},{"text":"MATMAT03c\r\nSJOMA\r\nT215,","start":"09:20","end":"10:20","x":153,"y":-166,"color":"#D9D9D9"},{"text":"ENGENG06\r\nINGES\r\nH406,","start":"10:30","end":"11:30","x":152,"y":-254,"color":"#D9D9D9"},{"text":"Lunch\r\n,","start":"11:40","end":"12:10","x":37,"y":-323,"color":"#D9D9D9"},{"text":"PRRPRR01\r\nNIKGY\r\nT417,","start":"12:20","end":"13:40","x":150,"y":-404,"color":"#D9D9D9"},{"text":"GRÄGRÄ0\r\nJULSH\r\nT417,","start":"14:00","end":"15:20","x":150,"y":-529,"color":"#D9D9D9"},{"text":"WEBWEU01\r\nJULSH\r\nT417,","start":"15:40","end":"17:00","x":153,"y":-655,"color":"#D9D9D9"}]},{"Header":"Tisdag 24/2","Lessons":[{"text":"DAODAT0\r\nJULSH\r\nT221,","start":"08:10","end":"09:30","x":150,"y":-91,"color":"#D9D9D9"},{"text":"MATMAT03c\r\nSJOMA\r\nT219,","start":"10:00","end":"11:00","x":153,"y":-216,"color":"#D9D9D9"},{"text":"Lunch\r\n,","start":"11:10","end":"11:40","x":37,"y":-285,"color":"#D9D9D9"},{"text":"ENGENG06\r\nINGES\r\nH418,","start":"12:50","end":"13:50","x":152,"y":-429,"color":"#D9D9D9"},{"text":"FYSFYS02 SJOMA T315,","start":"14:10","end":"15:30","x":26,"y":-543,"color":"#D9D9D9"},{"text":"IV ,","start":"14:30","end":"16:00","x":295,"y":-574,"color":"#D9D9D9"}]},{"Header":"Onsdag 25/2","Lessons":[{"text":"FYSFYS02\r\nSJOMA\r\nT315,","start":"08:10","end":"09:30","x":149,"y":-91,"color":"#D9D9D9"},{"text":"DAODAT0 JULSH T221,","start":"09:50","end":"11:10","x":26,"y":-217,"color":"#D9D9D9"},{"text":"PRRPRR01 NIKGY T419,","start":"09:50","end":"11:10","x":295,"y":-217,"color":"#D9D9D9"},{"text":"DAODAT0 JULSH T221,","start":"11:20","end":"12:40","x":26,"y":-330,"color":"#D9D9D9"},{"text":"PRRPRR01 NIKGY T419,","start":"11:20","end":"12:40","x":295,"y":-330,"color":"#D9D9D9"},{"text":"Lunch\r\n,","start":"12:45","end":"13:15","x":37,"y":-404,"color":"#D9D9D9"},{"text":"KEMKEM01\r\nMARLU\r\nD304,","start":"13:20","end":"14:20","x":150,"y":-467,"color":"#D9D9D9"},{"text":"Studietid\r\n,","start":"14:30","end":"17:00","x":37,"y":-611,"color":"#D9D9D9"}]},{"Header":"Torsdag 26/2","Lessons":[{"text":"IV ,","start":"08:10","end":"09:40","x":26,"y":-98,"color":"#D9D9D9"},{"text":"FYSFYS02 SJOMA T215,","start":"08:10","end":"09:40","x":295,"y":-98,"color":"#D9D9D9"},{"text":"SVASVA02 SELHA H415,","start":"10:10","end":"11:20","x":26,"y":-236,"color":"#D9D9D9"},{"text":"SVESVE02 JENRO H409,","start":"10:10","end":"11:20","x":295,"y":-236,"color":"#D9D9D9"},{"text":"Lunch\r\n,","start":"11:25","end":"11:55","x":37,"y":-304,"color":"#D9D9D9"},{"text":"GRÄGRÄ0\r\nJULSH\r\nT417,","start":"12:00","end":"13:10","x":150,"y":-373,"color":"#D9D9D9"},{"text":"TE-tid\r\n,","start":"13:40","end":"15:40","x":37,"y":-530,"color":"#D9D9D9"}]},{"Header":"Fredag 27/2","Lessons":[{"text":"GRÄGRÄ0\r\nJULSH\r\nT417,","start":"08:10","end":"09:30","x":150,"y":-91,"color":"#D9D9D9"},{"text":"SVASVA02 SELHA H415,","start":"10:00","end":"11:10","x":26,"y":-223,"color":"#D9D9D9"},{"text":"SVESVE02 JENRO H409,","start":"10:00","end":"11:10","x":295,"y":-223,"color":"#D9D9D9"},{"text":"WEBWEU01\r\nJULSH\r\nT417,","start":"11:20","end":"12:40","x":153,"y":-329,"color":"#D9D9D9"},{"text":"Lunch\r\n,","start":"12:50","end":"13:20","x":37,"y":-410,"color":"#D9D9D9"},{"text":"ENGENG06\r\nINGES\r\nH409,","start":"13:30","end":"14:30","x":152,"y":-480,"color":"#D9D9D9"},{"text":"MATMAT03c\r\nSJOMA\r\nT218,","start":"14:40","end":"15:40","x":153,"y":-567,"color":"#D9D9D9"}]}],"Time":0,"ClassId":"TE13E","SchoolId":"89920","WeekNumber":9,"SchemeURLs":["http://www.novasoftware.se/ImgGen/schedulegenerator.aspx?format=pdf&schoolid=89920&id=TE13E&period=&week=9&width=1&height=1&day=1","http://www.novasoftware.se/ImgGen/schedulegenerator.aspx?format=pdf&schoolid=89920&id=TE13E&period=&week=9&width=1&height=1&day=2","http://www.novasoftware.se/ImgGen/schedulegenerator.aspx?format=pdf&schoolid=89920&id=TE13E&period=&week=9&width=1&height=1&day=4","http://www.novasoftware.se/ImgGen/schedulegenerator.aspx?format=pdf&schoolid=89920&id=TE13E&period=&week=9&width=1&height=1&day=8","http://www.novasoftware.se/ImgGen/schedulegenerator.aspx?format=pdf&schoolid=89920&id=TE13E&period=&week=9&width=1&height=1&day=16"],"Error":false,"ErrorMessage":null,"ErrorTrace":null}