{"Days":[{"Header":"Måndag 23/2","Lessons":[{"text":"BIOBIO01\r\nCARLI\r\nD207,","start":"08:10","end":"09:10","x":149,"y":-79,"color":"#D9D9D9"},{"text":"SAMSAM01\r\nWICMA\r\nH309,","start":"09:40","end":"10:50","x":150,"y":-197,"color":"#D9D9D9"},{"text":"ENGENG05\r\nMYPAL\r\nH305,","start":"11:10","end":"12:10","x":150,"y":-304,"color":"#D9D9D9"},{"text":"FYSFYS01a\r\nELIIV\r\nT416,","start":"12:40","end":"13:40","x":153,"y":-417,"color":"#D9D9D9"},{"text":"MENTOR\r\nNIKGY,PERSU\r\nT312,","start":"13:50","end":"14:20","x":134,"y":-486,"color":"#D9D9D9"},{"text":"MATMAT01c ANDSJ T219,","start":"14:20","end":"15:20","x":26,"y":-542,"color":"#D9D9D9"},{"text":"MATMAT02c NIKGY T312,","start":"14:20","end":"15:20","x":295,"y":-542,"color":"#D9D9D9"}]},{"Header":"Tisdag 24/2","Lessons":[{"text":"MODFRE03\r\nJOHLE\r\nH420, MODDEU01\r\nEVALO\r\nH409, MODDEU03\r\nINGES\r\nH418, MODSPA03\r\nARIVA\r\nH406, MODSPA03\r\nSANGR\r\nH422,","start":"08:10","end":"09:40","x":82,"y":-97,"color":"#D9D9D9"},{"text":"SVA stöd SELHA H415,","start":"08:10","end":"09:40","x":374,"y":-97,"color":"#D9D9D9"},{"text":"SVASVA01 SELHA H415,","start":"10:10","end":"11:20","x":26,"y":-236,"color":"#D9D9D9"},{"text":"SVESVE01 THOLE H306,","start":"10:10","end":"11:20","x":295,"y":-236,"color":"#D9D9D9"},{"text":"Lunch\r\n,","start":"11:25","end":"11:55","x":37,"y":-304,"color":"#D9D9D9"},{"text":"IDRIDR01\r\nBOJAC\r\nVAHE,P3,F4","start":"12:00","end":"13:20","x":136,"y":-379,"color":"#D9D9D9"},{"text":"KEMKEM01 ANDFR D317,","start":"14:10","end":"15:30","x":26,"y":-543,"color":"#D9D9D9"},{"text":"FYSFYS01a ELIIV T310,","start":"14:10","end":"15:30","x":295,"y":-543,"color":"#D9D9D9"},{"text":"KEMKEM01 ANDFR D317,","start":"15:40","end":"17:00","x":26,"y":-656,"color":"#D9D9D9"},{"text":"FYSFYS01a ELIIV T310,","start":"15:40","end":"17:00","x":295,"y":-656,"color":"#D9D9D9"}]},{"Header":"Onsdag 25/2","Lessons":[{"text":"MATMAT01c ANDSJ T311,","start":"08:10","end":"09:10","x":26,"y":-79,"color":"#D9D9D9"},{"text":"MATMAT02c NIKGY T312,","start":"08:10","end":"09:10","x":295,"y":-79,"color":"#D9D9D9"},{"text":"IDRIDR01\r\nBOJAC\r\nVAHB,P11,F12","start":"09:40","end":"11:00","x":132,"y":-204,"color":"#D9D9D9"},{"text":"Lunch\r\n,","start":"11:10","end":"11:40","x":37,"y":-285,"color":"#D9D9D9"},{"text":"KEMKEM01\r\nANDFR\r\nD304,","start":"12:00","end":"13:00","x":151,"y":-367,"color":"#D9D9D9"},{"text":"SAMSAM01\r\nWICMA\r\nH306,","start":"13:10","end":"14:20","x":150,"y":-461,"color":"#D9D9D9"},{"text":"Studietid\r\n,","start":"14:30","end":"17:00","x":37,"y":-611,"color":"#D9D9D9"}]},{"Header":"Torsdag 26/2","Lessons":[{"text":"shprov\r\nS,","start":"08:10","end":"09:45","x":37,"y":-101,"color":"#D9D9D9"},{"text":"ENGENG05\r\nMYPAL\r\nH418,","start":"10:20","end":"11:20","x":150,"y":-241,"color":"#D9D9D9"},{"text":"BIOBIO01\r\nCARLI\r\nD228,","start":"11:30","end":"12:30","x":149,"y":-329,"color":"#D9D9D9"},{"text":"Lunch\r\n,","start":"12:30","end":"13:00","x":37,"y":-385,"color":"#D9D9D9"},{"text":"MATMAT02c\r\nNIKGY\r\nT215,","start":"13:10","end":"14:10","x":153,"y":-455,"color":"#D9D9D9"},{"text":"MODFRE03\r\nJOHLE\r\nH420, MODSPA03\r\nARIVA\r\nH406, MODSPA03\r\nSANGR\r\nH422, MODDEU01\r\nEVALO\r\nH409, MODDEU03\r\nINGES\r\nH418,","start":"14:30","end":"15:50","x":82,"y":-567,"color":"#D9D9D9"}]},{"Header":"Fredag 27/2","Lessons":[{"text":"BIOBIO01\r\nCARLI\r\nD228,","start":"08:10","end":"09:10","x":149,"y":-79,"color":"#D9D9D9"},{"text":"MATMAT01c ANDSJ T311,","start":"09:30","end":"10:30","x":26,"y":-179,"color":"#D9D9D9"},{"text":"MATMAT02c NIKGY T413,","start":"09:30","end":"10:30","x":295,"y":-179,"color":"#D9D9D9"},{"text":"Lunch\r\n,","start":"11:20","end":"11:50","x":37,"y":-298,"color":"#D9D9D9"},{"text":"FYSFYS01a\r\nELIIV\r\n,","start":"12:10","end":"13:10","x":162,"y":-379,"color":"#D9D9D9"},{"text":"SVESVE01 THOLE H306,","start":"13:20","end":"14:30","x":26,"y":-474,"color":"#D9D9D9"},{"text":"SVASVA01 SELHA H415,","start":"13:20","end":"14:30","x":295,"y":-474,"color":"#D9D9D9"}]}],"Time":0,"ClassId":"NA14C","SchoolId":"89920","WeekNumber":9,"SchemeURLs":["http://www.novasoftware.se/ImgGen/schedulegenerator.aspx?format=pdf&schoolid=89920&id=NA14C&period=&week=9&width=1&height=1&day=1","http://www.novasoftware.se/ImgGen/schedulegenerator.aspx?format=pdf&schoolid=89920&id=NA14C&period=&week=9&width=1&height=1&day=2","http://www.novasoftware.se/ImgGen/schedulegenerator.aspx?format=pdf&schoolid=89920&id=NA14C&period=&week=9&width=1&height=1&day=4","http://www.novasoftware.se/ImgGen/schedulegenerator.aspx?format=pdf&schoolid=89920&id=NA14C&period=&week=9&width=1&height=1&day=8","http://www.novasoftware.se/ImgGen/schedulegenerator.aspx?format=pdf&schoolid=89920&id=NA14C&period=&week=9&width=1&height=1&day=16"],"Error":false,"ErrorMessage":null,"ErrorTrace":null}