{"Days":[{"Header":"Måndag 23/2","Lessons":[{"text":"MODSPA04 ARIVA H406,","start":"08:10","end":"09:40","x":26,"y":-98,"color":"#D9D9D9"},{"text":"MODDEU04 INGES H418,","start":"08:10","end":"09:40","x":295,"y":-98,"color":"#D9D9D9"},{"text":"CADCAD01\r\nMIANO\r\nM2,","start":"10:00","end":"11:20","x":154,"y":-229,"color":"#D9D9D9"},{"text":"Lunch\r\n,","start":"11:30","end":"12:00","x":37,"y":-310,"color":"#D9D9D9"},{"text":"ENGENG06\r\nFILJO\r\nH417,","start":"12:20","end":"13:20","x":153,"y":-392,"color":"#D9D9D9"},{"text":"MENTOR\r\nWICMA,SANHO\r\nH417,","start":"13:20","end":"13:50","x":131,"y":-448,"color":"#D9D9D9"},{"text":"KEMKEM01\r\nLENSU,CARLI\r\nD317,","start":"14:10","end":"15:30","x":140,"y":-542,"color":"#D9D9D9"},{"text":"KEMKEM01\r\nLENSU,CARLI\r\nD317,","start":"15:40","end":"17:00","x":140,"y":-655,"color":"#D9D9D9"}]},{"Header":"Tisdag 24/2","Lessons":[{"text":"HÅLHÅB0\r\nTHETU\r\nH308,","start":"08:10","end":"09:30","x":148,"y":-91,"color":"#D9D9D9"},{"text":"ARKARK0\r\nMIANO\r\nB202,","start":"09:40","end":"11:00","x":148,"y":-204,"color":"#D9D9D9"},{"text":"MATMAT03c\r\nANDDA\r\nD228,","start":"11:10","end":"12:10","x":151,"y":-304,"color":"#D9D9D9"},{"text":"Lunch\r\n,","start":"12:20","end":"12:50","x":37,"y":-373,"color":"#D9D9D9"},{"text":"MATMAT03c\r\nANDDA\r\nT218,","start":"13:10","end":"14:10","x":152,"y":-455,"color":"#D9D9D9"},{"text":"IV ,","start":"14:30","end":"16:00","x":123,"y":-574,"color":"#D9D9D9"},{"text":"ENTENR0 ANDSU H309,","start":"14:30","end":"16:00","x":231,"y":-574,"color":"#D9D9D9"},{"text":"PRRPRR01 TINBE T417,","start":"14:30","end":"16:00","x":338,"y":-574,"color":"#D9D9D9"},{"text":"FYSFYS02 ANDDA T312,","start":"14:30","end":"16:00","x":446,"y":-574,"color":"#D9D9D9"},{"text":"PSKPSY01 PERSU H305,","start":"14:30","end":"16:30","x":16,"y":-592,"color":"#D9D9D9"}]},{"Header":"Onsdag 25/2","Lessons":[{"text":"KEMKEM01\r\nLENSU,CARLI\r\nD221,","start":"08:10","end":"09:10","x":140,"y":-79,"color":"#D9D9D9"},{"text":"CADCAD01\r\nMIANO\r\nM2,","start":"09:40","end":"11:00","x":154,"y":-204,"color":"#D9D9D9"},{"text":"ENGENG06\r\nFILJO\r\nH408,","start":"11:20","end":"12:20","x":153,"y":-317,"color":"#D9D9D9"},{"text":"Lunch\r\n,","start":"12:20","end":"12:50","x":37,"y":-373,"color":"#D9D9D9"},{"text":"MODSPA04 ARIVA H406,","start":"13:00","end":"14:20","x":26,"y":-455,"color":"#D9D9D9"},{"text":"MODDEU04 INGES H418,","start":"13:00","end":"14:20","x":295,"y":-455,"color":"#D9D9D9"},{"text":"Studietid\r\n,","start":"14:30","end":"17:00","x":37,"y":-611,"color":"#D9D9D9"}]},{"Header":"Torsdag 26/2","Lessons":[{"text":"FYSFYS02 ANDDA T416,","start":"08:10","end":"09:30","x":446,"y":-91,"color":"#D9D9D9"},{"text":"ENTENR0 ANDSU H309,","start":"08:10","end":"09:40","x":16,"y":-97,"color":"#D9D9D9"},{"text":"PRRPRR01 TINBE T417,","start":"08:10","end":"09:40","x":231,"y":-97,"color":"#D9D9D9"},{"text":"PSKPSY01 PERSU H305,","start":"08:10","end":"09:40","x":338,"y":-97,"color":"#D9D9D9"},{"text":"IV ,","start":"08:10","end":"09:40","x":123,"y":-98,"color":"#D9D9D9"},{"text":"SVASVA02 SELHA H415,","start":"10:10","end":"11:20","x":26,"y":-236,"color":"#D9D9D9"},{"text":"SVESVE02 SANHO H408,","start":"10:10","end":"11:20","x":295,"y":-236,"color":"#D9D9D9"},{"text":"ENGENG06\r\nFILJO\r\nH415,","start":"11:30","end":"12:30","x":153,"y":-329,"color":"#D9D9D9"},{"text":"Lunch\r\n,","start":"12:30","end":"13:00","x":37,"y":-385,"color":"#D9D9D9"},{"text":"TE-tid\r\n,","start":"13:40","end":"15:40","x":37,"y":-530,"color":"#D9D9D9"}]},{"Header":"Fredag 27/2","Lessons":[{"text":"ARKARK0\r\nMIANO\r\nB202,M2,","start":"08:10","end":"09:30","x":142,"y":-91,"color":"#D9D9D9"},{"text":"SVASVA02 SELHA H415,","start":"10:00","end":"11:10","x":26,"y":-223,"color":"#D9D9D9"},{"text":"SVESVE02 SANHO H408,","start":"10:00","end":"11:10","x":295,"y":-223,"color":"#D9D9D9"},{"text":"Lunch\r\n,","start":"11:20","end":"11:50","x":37,"y":-298,"color":"#D9D9D9"},{"text":"KEMKEM01\r\nLENSU,CARLI\r\nD304,","start":"12:00","end":"13:00","x":140,"y":-367,"color":"#D9D9D9"},{"text":"MATMAT03c\r\nANDDA\r\nT223,","start":"13:10","end":"14:10","x":152,"y":-455,"color":"#D9D9D9"},{"text":"HÅLHÅB0\r\nTHETU\r\nH309,","start":"14:40","end":"16:00","x":148,"y":-580,"color":"#D9D9D9"}]}],"Time":0,"ClassId":"TE13D","SchoolId":"89920","WeekNumber":9,"SchemeURLs":["http://www.novasoftware.se/ImgGen/schedulegenerator.aspx?format=pdf&schoolid=89920&id=TE13D&period=&week=9&width=1&height=1&day=1","http://www.novasoftware.se/ImgGen/schedulegenerator.aspx?format=pdf&schoolid=89920&id=TE13D&period=&week=9&width=1&height=1&day=2","http://www.novasoftware.se/ImgGen/schedulegenerator.aspx?format=pdf&schoolid=89920&id=TE13D&period=&week=9&width=1&height=1&day=4","http://www.novasoftware.se/ImgGen/schedulegenerator.aspx?format=pdf&schoolid=89920&id=TE13D&period=&week=9&width=1&height=1&day=8","http://www.novasoftware.se/ImgGen/schedulegenerator.aspx?format=pdf&schoolid=89920&id=TE13D&period=&week=9&width=1&height=1&day=16"],"Error":false,"ErrorMessage":null,"ErrorTrace":null}