{"Days":[{"Header":"Måndag 2/3","Lessons":[{"text":"ENGENG05\r\nSARFR\r\nH415,","start":"08:10","end":"09:10","x":151,"y":-79,"color":"#D9D9D9"},{"text":"MENTOR\r\nSARFR,THETU\r\nH415,","start":"09:20","end":"09:50","x":133,"y":-147,"color":"#D9D9D9"},{"text":"SVASVA01 SELHA H415,","start":"10:00","end":"11:10","x":26,"y":-223,"color":"#D9D9D9"},{"text":"SVESVE01 THOLE H408,","start":"10:00","end":"11:10","x":295,"y":-223,"color":"#D9D9D9"},{"text":"MATMAT02c\r\nANDDA\r\nD207,","start":"11:20","end":"12:20","x":151,"y":-317,"color":"#D9D9D9"},{"text":"Lunch\r\n,","start":"12:30","end":"13:00","x":37,"y":-385,"color":"#D9D9D9"},{"text":"TEKTEK01\r\nTHETU\r\nH406,","start":"13:10","end":"14:10","x":149,"y":-455,"color":"#D9D9D9"},{"text":"MODSPA03\r\nARIVA\r\nH406, MODSPA03\r\nSANGR\r\nH422, MODDEU03\r\nINGES\r\nH418,","start":"14:30","end":"15:50","x":82,"y":-567,"color":"#D9D9D9"}]},{"Header":"Tisdag 3/3","Lessons":[{"text":"FYSFYS01a\r\nAZRHO\r\nT413,","start":"08:10","end":"09:10","x":150,"y":-79,"color":"#D9D9D9"},{"text":"IDRIDR01\r\nBOJAC\r\nVAHB,P5,F6","start":"09:40","end":"11:00","x":136,"y":-204,"color":"#D9D9D9"},{"text":"Lunch\r\n,","start":"11:10","end":"11:40","x":37,"y":-285,"color":"#D9D9D9"},{"text":"ENGENG05\r\nSARFR\r\nH420,","start":"12:10","end":"13:10","x":151,"y":-379,"color":"#D9D9D9"}]},{"Header":"Onsdag 4/3","Lessons":[{"text":"MODSPA03\r\nARIVA\r\nH406, MODSPA03\r\nSANGR\r\nH422, MODDEU03\r\nINGES\r\nH418,","start":"08:10","end":"09:40","x":82,"y":-97,"color":"#D9D9D9"},{"text":"SVASVA01 SELHA H415,","start":"10:00","end":"11:10","x":26,"y":-223,"color":"#D9D9D9"},{"text":"SVESVE01 THOLE H408,","start":"10:00","end":"11:10","x":295,"y":-223,"color":"#D9D9D9"},{"text":"Lunch\r\n,","start":"11:15","end":"11:45","x":37,"y":-291,"color":"#D9D9D9"},{"text":"TEKTEK01\r\nNILWI\r\nM1,","start":"12:10","end":"13:10","x":154,"y":-379,"color":"#D9D9D9"},{"text":"ENGENG05\r\nSARFR\r\nD228,","start":"13:20","end":"14:20","x":151,"y":-467,"color":"#D9D9D9"},{"text":"Studietid\r\n,","start":"14:30","end":"17:00","x":37,"y":-611,"color":"#D9D9D9"}]},{"Header":"Torsdag 5/3","Lessons":[{"text":"FYSFYS01a\r\nAZRHO\r\nT219,","start":"08:40","end":"09:40","x":150,"y":-116,"color":"#D9D9D9"},{"text":"MATMAT02c\r\nANDDA\r\nH422,","start":"10:10","end":"11:10","x":151,"y":-229,"color":"#D9D9D9"},{"text":"Lunch\r\n,","start":"11:20","end":"11:50","x":37,"y":-298,"color":"#D9D9D9"},{"text":"SVASVA01 SELHA H415,","start":"12:40","end":"13:50","x":26,"y":-424,"color":"#D9D9D9"},{"text":"SVESVE01 THOLE H306,","start":"12:40","end":"13:50","x":295,"y":-424,"color":"#D9D9D9"}]},{"Header":"Fredag 6/3","Lessons":[{"text":"TE-tid\r\n,","start":"08:10","end":"10:10","x":37,"y":-116,"color":"#D9D9D9"},{"text":"IDRIDR01\r\nBOJAC\r\nVAHC,F11,P12","start":"10:30","end":"11:50","x":132,"y":-266,"color":"#D9D9D9"},{"text":"Lunch\r\n,","start":"12:10","end":"12:40","x":37,"y":-360,"color":"#D9D9D9"},{"text":"TEKTEK01\r\nNILWI\r\nT218,","start":"13:10","end":"14:10","x":151,"y":-455,"color":"#D9D9D9"},{"text":"MATMAT02c\r\nANDDA\r\nT223,","start":"14:20","end":"15:20","x":152,"y":-542,"color":"#D9D9D9"}]}],"Time":0,"ClassId":"TE14D","SchoolId":"89920","WeekNumber":10,"SchemeURLs":["http://www.novasoftware.se/ImgGen/schedulegenerator.aspx?format=pdf&schoolid=89920&id=TE14D&period=&week=10&width=1&height=1&day=1","http://www.novasoftware.se/ImgGen/schedulegenerator.aspx?format=pdf&schoolid=89920&id=TE14D&period=&week=10&width=1&height=1&day=2","http://www.novasoftware.se/ImgGen/schedulegenerator.aspx?format=pdf&schoolid=89920&id=TE14D&period=&week=10&width=1&height=1&day=4","http://www.novasoftware.se/ImgGen/schedulegenerator.aspx?format=pdf&schoolid=89920&id=TE14D&period=&week=10&width=1&height=1&day=8","http://www.novasoftware.se/ImgGen/schedulegenerator.aspx?format=pdf&schoolid=89920&id=TE14D&period=&week=10&width=1&height=1&day=16"],"Error":false,"ErrorMessage":null,"ErrorTrace":null}