{"Days":[{"Header":"Måndag 2/3","Lessons":[{"text":"MODFRA04\r\nJOHLE\r\nH420, MODSPA04\r\nARIVA\r\nH406, MODDEU04\r\nINGES\r\nH418,","start":"08:10","end":"09:40","x":82,"y":-97,"color":"#D9D9D9"},{"text":"BIOBIO02\r\nJOSKV\r\nD221,","start":"10:00","end":"11:00","x":148,"y":-216,"color":"#D9D9D9"},{"text":"MATMAT03c\r\nSJOMA\r\nT219,","start":"11:10","end":"12:10","x":153,"y":-304,"color":"#D9D9D9"},{"text":"Lunch\r\n,","start":"12:20","end":"12:50","x":37,"y":-373,"color":"#D9D9D9"},{"text":"FYSFYS02\r\nSJOMA\r\nT215,","start":"13:00","end":"14:00","x":149,"y":-442,"color":"#D9D9D9"},{"text":"SVESVE02 JOHLE H420,","start":"14:10","end":"15:20","x":26,"y":-536,"color":"#D9D9D9"},{"text":"SVASVA02 SELHA H306,","start":"14:10","end":"15:20","x":295,"y":-536,"color":"#D9D9D9"},{"text":"MENTOR\r\nSJOMA,JOSKV\r\nD221,","start":"15:30","end":"16:00","x":134,"y":-611,"color":"#D9D9D9"},{"text":"KEMKEM02\r\nJOSKV\r\nD221,","start":"16:00","end":"17:00","x":152,"y":-668,"color":"#D9D9D9"}]},{"Header":"Tisdag 3/3","Lessons":[{"text":"BIOBIT0\r\nMARLU\r\nD308, HÅLHÅB0\r\nTHETU\r\nH308, PRRPRR01\r\nNIKGY\r\nT417,","start":"08:10","end":"09:30","x":78,"y":-91,"color":"#D9D9D9"},{"text":"KEMKEM02\r\nJOSKV\r\nD228,","start":"09:40","end":"10:30","x":152,"y":-185,"color":"#D9D9D9"},{"text":"BIOBIO02\r\nJOSKV\r\nD207,","start":"10:40","end":"11:40","x":148,"y":-267,"color":"#D9D9D9"},{"text":"Lunch\r\n,","start":"12:20","end":"12:50","x":37,"y":-373,"color":"#D9D9D9"},{"text":"MATMAT03c\r\nSJOMA\r\nD228,","start":"13:00","end":"14:00","x":152,"y":-442,"color":"#D9D9D9"},{"text":"IV ,","start":"14:30","end":"16:00","x":16,"y":-574,"color":"#D9D9D9"},{"text":"BIOBIT0 MARLU D308,","start":"14:30","end":"16:00","x":105,"y":-574,"color":"#D9D9D9"},{"text":"FYSFYS02 SJOMA ,","start":"14:30","end":"16:00","x":374,"y":-574,"color":"#D9D9D9"},{"text":"DAODAT0 DAHJO T221,","start":"14:30","end":"16:00","x":195,"y":-575,"color":"#D9D9D9"},{"text":"PRRPRR01 TINBE T417,","start":"14:30","end":"16:00","x":285,"y":-575,"color":"#D9D9D9"},{"text":"IDRIDR02 BOJAC VAHB,P3,F4","start":"16:40","end":"18:10","x":464,"y":-587,"color":"#D9D9D9"}]},{"Header":"Onsdag 4/3","Lessons":[{"text":"MATMAT03c\r\nSJOMA\r\nT312,","start":"08:10","end":"09:10","x":153,"y":-79,"color":"#D9D9D9"},{"text":"ENGENG06\r\nMYPAL\r\nH306,","start":"09:20","end":"10:20","x":150,"y":-166,"color":"#D9D9D9"},{"text":"HISHIS01b\r\nMYPAL\r\nH306,","start":"10:30","end":"11:50","x":147,"y":-266,"color":"#D9D9D9"},{"text":"Lunch\r\n,","start":"12:10","end":"12:40","x":37,"y":-360,"color":"#D9D9D9"},{"text":"MODFRA04\r\nJOHLE\r\nH420, MODSPA04\r\nARIVA\r\nH406, MODDEU04\r\nINGES\r\nH418,","start":"13:00","end":"14:20","x":82,"y":-454,"color":"#D9D9D9"},{"text":"Studietid\r\n,","start":"14:30","end":"17:00","x":37,"y":-611,"color":"#D9D9D9"}]},{"Header":"Torsdag 5/3","Lessons":[{"text":"BIOBIT0 MARLU D308,","start":"08:10","end":"09:40","x":16,"y":-97,"color":"#D9D9D9"},{"text":"FYSFYS02 SJOMA T215,","start":"08:10","end":"09:40","x":464,"y":-97,"color":"#D9D9D9"},{"text":"IDRIDR02 BOJAC  VAHC, F11,P12","start":"08:10","end":"09:40","x":374,"y":-97,"color":"#D9D9D9"},{"text":"IV ,","start":"08:10","end":"09:40","x":195,"y":-98,"color":"#D9D9D9"},{"text":"DAODAT0 DAHJO T221,","start":"08:10","end":"09:40","x":105,"y":-98,"color":"#D9D9D9"},{"text":"PRRPRR01 TINBE T417,","start":"08:10","end":"09:40","x":285,"y":-98,"color":"#D9D9D9"},{"text":"SVASVA02 SELHA H415,","start":"10:10","end":"11:20","x":26,"y":-236,"color":"#D9D9D9"},{"text":"SVESVE02 JOHLE H420,","start":"10:10","end":"11:20","x":295,"y":-236,"color":"#D9D9D9"},{"text":"MATMAT03c\r\nSJOMA\r\nT413,","start":"11:30","end":"12:30","x":153,"y":-329,"color":"#D9D9D9"},{"text":"NA-tid\r\n,","start":"13:40","end":"15:40","x":37,"y":-530,"color":"#D9D9D9"}]},{"Header":"Fredag 6/3","Lessons":[{"text":"HISHIS01b\r\nMYPAL\r\nH406,","start":"08:10","end":"09:30","x":147,"y":-91,"color":"#D9D9D9"},{"text":"SVASVA02 SELHA H415,","start":"10:00","end":"11:10","x":26,"y":-223,"color":"#D9D9D9"},{"text":"SVESVE02 JOHLE H420,","start":"10:00","end":"11:10","x":295,"y":-223,"color":"#D9D9D9"},{"text":"Lunch\r\n,","start":"11:20","end":"11:50","x":37,"y":-298,"color":"#D9D9D9"},{"text":"ENGENG06\r\nMYPAL\r\nH418,","start":"12:00","end":"13:00","x":150,"y":-367,"color":"#D9D9D9"},{"text":"FYSFYS02\r\nSJOMA\r\nT215,","start":"13:10","end":"14:10","x":149,"y":-455,"color":"#D9D9D9"},{"text":"HÅLHÅB0\r\nTHETU\r\nH309, PRRPRR01\r\nNIKGY\r\nT417, BIOBIT0\r\nMARLU\r\nD308,","start":"14:40","end":"16:00","x":78,"y":-580,"color":"#D9D9D9"}]}],"Time":0,"ClassId":"NA13B","SchoolId":"89920","WeekNumber":10,"SchemeURLs":["http://www.novasoftware.se/ImgGen/schedulegenerator.aspx?format=pdf&schoolid=89920&id=NA13B&period=&week=10&width=1&height=1&day=1","http://www.novasoftware.se/ImgGen/schedulegenerator.aspx?format=pdf&schoolid=89920&id=NA13B&period=&week=10&width=1&height=1&day=2","http://www.novasoftware.se/ImgGen/schedulegenerator.aspx?format=pdf&schoolid=89920&id=NA13B&period=&week=10&width=1&height=1&day=4","http://www.novasoftware.se/ImgGen/schedulegenerator.aspx?format=pdf&schoolid=89920&id=NA13B&period=&week=10&width=1&height=1&day=8","http://www.novasoftware.se/ImgGen/schedulegenerator.aspx?format=pdf&schoolid=89920&id=NA13B&period=&week=10&width=1&height=1&day=16"],"Error":false,"ErrorMessage":null,"ErrorTrace":null}