{"Days":[{"Header":"Måndag 9/2","Lessons":[{"text":"SAMSAM01\r\nTHETU\r\nH408,","start":"08:10","end":"09:20","x":150,"y":-85,"color":"#D9D9D9"},{"text":"ENTENR0 PERSU H306,","start":"10:00","end":"11:30","x":26,"y":-235,"color":"#D9D9D9"},{"text":"MATMAT05 DJOBR T223,","start":"10:00","end":"11:30","x":295,"y":-235,"color":"#D9D9D9"},{"text":"SVESVE03 LINES H308,","start":"11:40","end":"12:50","x":26,"y":-348,"color":"#D9D9D9"},{"text":"SVASVA03 SELHA H415,","start":"11:40","end":"12:50","x":295,"y":-348,"color":"#D9D9D9"},{"text":"Lunch\r\n,","start":"12:50","end":"13:20","x":37,"y":-410,"color":"#D9D9D9"},{"text":"ELEELR0 AZRHO T419,","start":"14:00","end":"15:30","x":26,"y":-536,"color":"#D9D9D9"},{"text":"ENGENG07 FILJO H417,","start":"14:00","end":"15:30","x":295,"y":-536,"color":"#D9D9D9"}]},{"Header":"Tisdag 10/2","Lessons":[{"text":"GA\r\n,","start":"08:10","end":"10:10","x":37,"y":-116,"color":"#D9D9D9"},{"text":"SAMSAM01\r\nTHETU\r\nH409,","start":"10:40","end":"11:50","x":150,"y":-273,"color":"#D9D9D9"},{"text":"Lunch\r\n,","start":"12:00","end":"12:30","x":37,"y":-348,"color":"#D9D9D9"},{"text":"MATMAT04\r\nVIVNY\r\nT223,","start":"12:40","end":"13:40","x":151,"y":-417,"color":"#D9D9D9"},{"text":"IV ,","start":"14:30","end":"16:00","x":92,"y":-574,"color":"#D9D9D9"},{"text":"DAODAT0 DAHJO T221,","start":"14:30","end":"16:00","x":169,"y":-574,"color":"#D9D9D9"},{"text":"ENGENG07 HEJOM H417,","start":"14:30","end":"16:00","x":246,"y":-574,"color":"#D9D9D9"},{"text":"PRRPRR02 NIKGY T419,","start":"14:30","end":"16:00","x":323,"y":-574,"color":"#D9D9D9"},{"text":"WEBWEB01 JOHKE  T318,","start":"14:30","end":"16:00","x":400,"y":-574,"color":"#D9D9D9"},{"text":"IDRIDR02 BOJAC VAHA,P3, F4","start":"16:40","end":"18:10","x":477,"y":-585,"color":"#D9D9D9"},{"text":"CADCAD02 ALFWI  M2,","start":"16:40","end":"18:10","x":16,"y":-586,"color":"#D9D9D9"}]},{"Header":"Onsdag 11/2","Lessons":[{"text":"ELEELR0 AZRHO T419,","start":"08:10","end":"09:40","x":26,"y":-98,"color":"#D9D9D9"},{"text":"ENGENG07 FILJO H417,","start":"08:10","end":"09:40","x":295,"y":-98,"color":"#D9D9D9"},{"text":"SAMSAM01\r\nSANLI\r\nH308,","start":"10:00","end":"11:10","x":152,"y":-222,"color":"#D9D9D9"},{"text":"Lunch\r\n,","start":"11:20","end":"11:50","x":37,"y":-298,"color":"#D9D9D9"},{"text":"GA\r\n,","start":"12:10","end":"14:10","x":37,"y":-417,"color":"#D9D9D9"}]},{"Header":"Torsdag 12/2","Lessons":[{"text":"CADCAD02 ALFWI  M2,","start":"08:10","end":"09:40","x":400,"y":-91,"color":"#D9D9D9"},{"text":"DAODAT0 DAHJO T221,","start":"08:10","end":"09:40","x":92,"y":-97,"color":"#D9D9D9"},{"text":"ENGENG07 HEJOM H417,","start":"08:10","end":"09:40","x":169,"y":-97,"color":"#D9D9D9"},{"text":"PRRPRR02 NIKGY T419,","start":"08:10","end":"09:40","x":246,"y":-97,"color":"#D9D9D9"},{"text":"IDRIDR02 BOJAC VAHB,F11, P12","start":"08:10","end":"09:40","x":323,"y":-97,"color":"#D9D9D9"},{"text":"IV ,","start":"08:10","end":"09:40","x":16,"y":-98,"color":"#D9D9D9"},{"text":"WEBWEB01 JOHKE  T318,","start":"08:10","end":"09:40","x":477,"y":-98,"color":"#D9D9D9"},{"text":"SAMSAM01\r\nSANLI\r\nH305,","start":"10:00","end":"11:10","x":152,"y":-222,"color":"#D9D9D9"},{"text":"MENTOR\r\nVIVNY,BOJAC\r\nT215,","start":"11:10","end":"11:40","x":134,"y":-285,"color":"#D9D9D9"},{"text":"Lunch\r\n,","start":"11:50","end":"12:20","x":37,"y":-335,"color":"#D9D9D9"},{"text":"MATMAT04\r\nVIVNY\r\nT223,","start":"12:40","end":"13:40","x":151,"y":-417,"color":"#D9D9D9"},{"text":"MATMAT05 DJOBR T218,","start":"14:00","end":"15:30","x":26,"y":-536,"color":"#D9D9D9"},{"text":"ENTENR0 PERSU H306,","start":"14:00","end":"15:30","x":295,"y":-536,"color":"#D9D9D9"}]},{"Header":"Fredag 13/2","Lessons":[{"text":"MATMAT04\r\nVIVNY\r\nD221,","start":"10:00","end":"11:00","x":151,"y":-216,"color":"#D9D9D9"},{"text":"Lunch\r\n,","start":"11:20","end":"11:50","x":37,"y":-298,"color":"#D9D9D9"},{"text":"SVASVA03 SELHA H415,","start":"12:00","end":"13:10","x":26,"y":-374,"color":"#D9D9D9"},{"text":"SVESVE03 LINES H308,","start":"12:00","end":"13:10","x":295,"y":-374,"color":"#D9D9D9"}]}],"Time":0,"ClassId":"TE12F","SchoolId":"89920","WeekNumber":7,"SchemeURLs":["http://www.novasoftware.se/ImgGen/schedulegenerator.aspx?format=pdf&schoolid=89920&id=TE12F&period=&week=7&width=1&height=1&day=1","http://www.novasoftware.se/ImgGen/schedulegenerator.aspx?format=pdf&schoolid=89920&id=TE12F&period=&week=7&width=1&height=1&day=2","http://www.novasoftware.se/ImgGen/schedulegenerator.aspx?format=pdf&schoolid=89920&id=TE12F&period=&week=7&width=1&height=1&day=4","http://www.novasoftware.se/ImgGen/schedulegenerator.aspx?format=pdf&schoolid=89920&id=TE12F&period=&week=7&width=1&height=1&day=8","http://www.novasoftware.se/ImgGen/schedulegenerator.aspx?format=pdf&schoolid=89920&id=TE12F&period=&week=7&width=1&height=1&day=16"],"Error":false,"ErrorMessage":null,"ErrorTrace":null}