{"Days":[{"Header":"Måndag 9/2","Lessons":[{"text":"MODFRA04\r\nJOHLE\r\nH420, MODSPA04\r\nARIVA\r\nH406, MODDEU04\r\nINGES\r\nH418,","start":"08:10","end":"09:40","x":82,"y":-97,"color":"#D9D9D9"},{"text":"MATMAT03c\r\nCHHJO\r\nT219,","start":"10:00","end":"11:00","x":153,"y":-216,"color":"#D9D9D9"},{"text":"FYSFYS02\r\nCHHJO\r\nT215,","start":"11:10","end":"12:10","x":149,"y":-304,"color":"#D9D9D9"},{"text":"Lunch\r\n,","start":"12:20","end":"12:50","x":37,"y":-373,"color":"#D9D9D9"},{"text":"BIOBIO02\r\nSANHU\r\nD308,","start":"13:10","end":"14:30","x":147,"y":-467,"color":"#D9D9D9"},{"text":"BIOBIO02\r\nSANHU\r\nD308,","start":"14:40","end":"16:00","x":147,"y":-580,"color":"#D9D9D9"}]},{"Header":"Tisdag 10/2","Lessons":[{"text":"BIOBIT0\r\nMARLU\r\nD308, HÅLHÅB0\r\nTHETU\r\nH308, PRRPRR01\r\nNIKGY\r\nT417,","start":"08:10","end":"09:30","x":78,"y":-91,"color":"#D9D9D9"},{"text":"BIOBIO02\r\nSANHU\r\nD221,","start":"10:00","end":"11:00","x":147,"y":-216,"color":"#D9D9D9"},{"text":"ENGENG06\r\nHEJOM\r\nH418,","start":"11:10","end":"12:10","x":150,"y":-304,"color":"#D9D9D9"},{"text":"Lunch\r\n,","start":"12:15","end":"12:45","x":37,"y":-367,"color":"#D9D9D9"},{"text":"MATMAT03c\r\nCHHJO\r\nH422,","start":"12:50","end":"13:50","x":152,"y":-429,"color":"#D9D9D9"},{"text":"WEBWEB01 JOHKE  T318,","start":"14:30","end":"16:00","x":419,"y":-570,"color":"#D9D9D9"},{"text":"IV ,","start":"14:30","end":"16:00","x":83,"y":-574,"color":"#D9D9D9"},{"text":"BIOBIT0 MARLU D308,","start":"14:30","end":"16:00","x":150,"y":-574,"color":"#D9D9D9"},{"text":"DAODAT0 DAHJO T221,","start":"14:30","end":"16:00","x":217,"y":-574,"color":"#D9D9D9"},{"text":"ENTENR0 ANDSU H309,","start":"14:30","end":"16:00","x":285,"y":-574,"color":"#D9D9D9"},{"text":"PRRPRR01 TINBE T417,","start":"14:30","end":"16:00","x":352,"y":-574,"color":"#D9D9D9"},{"text":"IDRIDR02 BOJAC VAHA,P3, F4","start":"16:40","end":"18:10","x":486,"y":-586,"color":"#D9D9D9"},{"text":"PSKPSY01 PERSU H305,","start":"14:30","end":"18:30","x":16,"y":-592,"color":"#D9D9D9"}]},{"Header":"Onsdag 11/2","Lessons":[{"text":"SVASVA02 SELHA H415,","start":"08:10","end":"09:20","x":26,"y":-85,"color":"#D9D9D9"},{"text":"SVESVE02 JENRO H409,","start":"08:10","end":"09:20","x":295,"y":-85,"color":"#D9D9D9"},{"text":"KEMKEM02\r\nMARLU\r\nD221,","start":"09:30","end":"10:30","x":150,"y":-179,"color":"#D9D9D9"},{"text":"BIOBIO02\r\nSANHU\r\nD207,","start":"10:40","end":"11:40","x":147,"y":-267,"color":"#D9D9D9"},{"text":"Lunch\r\n,","start":"11:50","end":"12:20","x":37,"y":-335,"color":"#D9D9D9"},{"text":"MODFRA04\r\nJOHLE\r\nH420, MODSPA04\r\nARIVA\r\nH406, MODDEU04\r\nINGES\r\nH418,","start":"13:00","end":"14:20","x":82,"y":-454,"color":"#D9D9D9"}]},{"Header":"Torsdag 12/2","Lessons":[{"text":"WEBWEB01 JOHKE  T318,","start":"08:10","end":"09:40","x":486,"y":-94,"color":"#D9D9D9"},{"text":"BIOBIT0 MARLU D308,","start":"08:10","end":"09:40","x":16,"y":-97,"color":"#D9D9D9"},{"text":"DAODAT0 DAHJO T221,","start":"08:10","end":"09:40","x":83,"y":-97,"color":"#D9D9D9"},{"text":"ENTENR0 ANDSU H309,","start":"08:10","end":"09:40","x":150,"y":-97,"color":"#D9D9D9"},{"text":"PRRPRR01 TINBE T417,","start":"08:10","end":"09:40","x":285,"y":-97,"color":"#D9D9D9"},{"text":"PSKPSY01 PERSU H305,","start":"08:10","end":"09:40","x":419,"y":-97,"color":"#D9D9D9"},{"text":"IV ,","start":"08:10","end":"09:40","x":217,"y":-98,"color":"#D9D9D9"},{"text":"IDRIDR02 BOJAC VAHB,F11, P12","start":"08:10","end":"09:40","x":352,"y":-98,"color":"#D9D9D9"},{"text":"BIOBIO02\r\nSANHU\r\nD221,","start":"10:10","end":"11:10","x":147,"y":-229,"color":"#D9D9D9"},{"text":"ENGENG06\r\nHEJOM\r\nH415,","start":"11:30","end":"12:30","x":150,"y":-329,"color":"#D9D9D9"},{"text":"Lunch\r\n,","start":"12:30","end":"13:00","x":37,"y":-385,"color":"#D9D9D9"},{"text":"Bi-prov\r\nS,","start":"13:40","end":"15:40","x":37,"y":-530,"color":"#D9D9D9"}]},{"Header":"Fredag 13/2","Lessons":[{"text":"SVESVE02 JENRO H409,","start":"08:10","end":"09:20","x":26,"y":-85,"color":"#D9D9D9"},{"text":"SVASVA02 SELHA H415,","start":"08:10","end":"09:20","x":295,"y":-85,"color":"#D9D9D9"},{"text":"MENTOR\r\nHEJOM,CHHJO\r\nT312,","start":"09:40","end":"10:10","x":133,"y":-172,"color":"#D9D9D9"},{"text":"FYSFYS02\r\nCHHJO\r\nT312,","start":"10:10","end":"11:10","x":149,"y":-229,"color":"#D9D9D9"},{"text":"KEMKEM02\r\nMARLU\r\nD304,","start":"11:20","end":"12:20","x":150,"y":-317,"color":"#D9D9D9"},{"text":"Lunch\r\n,","start":"12:30","end":"13:00","x":37,"y":-385,"color":"#D9D9D9"},{"text":"MATMAT03c\r\nCHHJO\r\nH422,","start":"13:30","end":"14:30","x":152,"y":-480,"color":"#D9D9D9"},{"text":"HÅLHÅB0\r\nTHETU\r\nH309, PRRPRR01\r\nNIKGY\r\nT417, BIOBIT0\r\nMARLU\r\nD308,","start":"14:40","end":"16:00","x":78,"y":-580,"color":"#D9D9D9"}]}],"Time":0,"ClassId":"NA13H","SchoolId":"89920","WeekNumber":7,"SchemeURLs":["http://www.novasoftware.se/ImgGen/schedulegenerator.aspx?format=pdf&schoolid=89920&id=NA13H&period=&week=7&width=1&height=1&day=1","http://www.novasoftware.se/ImgGen/schedulegenerator.aspx?format=pdf&schoolid=89920&id=NA13H&period=&week=7&width=1&height=1&day=2","http://www.novasoftware.se/ImgGen/schedulegenerator.aspx?format=pdf&schoolid=89920&id=NA13H&period=&week=7&width=1&height=1&day=4","http://www.novasoftware.se/ImgGen/schedulegenerator.aspx?format=pdf&schoolid=89920&id=NA13H&period=&week=7&width=1&height=1&day=8","http://www.novasoftware.se/ImgGen/schedulegenerator.aspx?format=pdf&schoolid=89920&id=NA13H&period=&week=7&width=1&height=1&day=16"],"Error":false,"ErrorMessage":null,"ErrorTrace":null}