{"Days":[{"Header":"Måndag 23/2","Lessons":[{"text":"NAVNAT00S\r\nASAWA\r\nD308, ENTENR0\r\nPERSU\r\nH306, ENGENG07\r\nHEJOM\r\nH418, MATMAT05\r\nDJOBR\r\nT223,","start":"10:00","end":"11:30","x":84,"y":-234,"color":"#D9D9D9"},{"text":"SVESVE03 JOHLE H420,","start":"11:40","end":"12:50","x":26,"y":-348,"color":"#D9D9D9"},{"text":"SVASVA03 SELHA H415,","start":"11:40","end":"12:50","x":295,"y":-348,"color":"#D9D9D9"},{"text":"Lunch\r\n,","start":"13:00","end":"13:30","x":37,"y":-423,"color":"#D9D9D9"},{"text":"NAVNAT00S\r\nANDFR\r\nD304, ENGENG07\r\nFILJO\r\nH417, HISHIS02\r\nANDSU\r\nH305, MATMAT05\r\nSTALE\r\nT223, MATMAT05\r\nTINBE\r\nT218,","start":"14:00","end":"15:30","x":84,"y":-536,"color":"#D9D9D9"}]},{"Header":"Tisdag 24/2","Lessons":[{"text":"Re-prov\r\nS,","start":"08:10","end":"10:10","x":37,"y":-116,"color":"#D9D9D9"},{"text":"MATMAT04\r\nVIVNY\r\nH422,","start":"10:30","end":"11:30","x":151,"y":-254,"color":"#D9D9D9"},{"text":"Lunch\r\n,","start":"11:40","end":"12:10","x":37,"y":-323,"color":"#D9D9D9"},{"text":"ENGENG07 MYPAL H417,","start":"12:30","end":"14:00","x":26,"y":-423,"color":"#D9D9D9"},{"text":"HÅLMIJ0 CARLI D221,","start":"12:30","end":"14:00","x":295,"y":-423,"color":"#D9D9D9"},{"text":"IV ,","start":"14:30","end":"16:00","x":123,"y":-574,"color":"#D9D9D9"},{"text":"WEBWEB01 JOHKE T318,","start":"14:30","end":"16:00","x":231,"y":-574,"color":"#D9D9D9"},{"text":"BILBIL01 MADDA,MARMO B202,","start":"14:30","end":"16:00","x":338,"y":-574,"color":"#D9D9D9"},{"text":"IDRIDR02 BOJAC VAHA,P3,F4","start":"14:40","end":"16:10","x":446,"y":-586,"color":"#D9D9D9"},{"text":"PSKPSY01 PERSU H305,","start":"14:30","end":"16:30","x":16,"y":-592,"color":"#D9D9D9"}]},{"Header":"Onsdag 25/2","Lessons":[{"text":"NAVNAT00S\r\nANDFR\r\nD304, HISHIS02\r\nANDSU\r\nH305, MATMAT05\r\nSTALE\r\nT223, ENGENG07\r\nFILJO\r\nH417, MATMAT05\r\nTINBE\r\nT215,","start":"08:10","end":"09:40","x":84,"y":-97,"color":"#D9D9D9"},{"text":"SVESVE03 JOHLE H420,","start":"10:00","end":"11:10","x":26,"y":-223,"color":"#D9D9D9"},{"text":"SVASVA03 SELHA H415,","start":"10:00","end":"11:10","x":295,"y":-223,"color":"#D9D9D9"},{"text":"RELREL01\r\nPERSU\r\nH305,","start":"11:20","end":"12:30","x":149,"y":-323,"color":"#D9D9D9"},{"text":"Lunch\r\n,","start":"12:30","end":"13:00","x":37,"y":-385,"color":"#D9D9D9"},{"text":"SAMSAM02\r\nANDSU\r\nH308,","start":"13:10","end":"14:20","x":150,"y":-461,"color":"#D9D9D9"},{"text":"Studietid\r\n,","start":"14:30","end":"17:00","x":37,"y":-611,"color":"#D9D9D9"}]},{"Header":"Torsdag 26/2","Lessons":[{"text":"PSKPSY01 PERSU H305,","start":"08:10","end":"09:40","x":338,"y":-97,"color":"#D9D9D9"},{"text":"WEBWEB01 JOHKE T318,","start":"08:10","end":"09:40","x":446,"y":-97,"color":"#D9D9D9"},{"text":"BILBIL01 MADDA,MARMO B202,","start":"08:10","end":"09:40","x":231,"y":-97,"color":"#D9D9D9"},{"text":"IV ,","start":"08:10","end":"09:40","x":16,"y":-98,"color":"#D9D9D9"},{"text":"IDRIDR02 BOJAC VAHB,F11,P12","start":"08:10","end":"09:40","x":123,"y":-98,"color":"#D9D9D9"},{"text":"MATMAT04\r\nVIVNY\r\nT215,","start":"10:10","end":"11:10","x":151,"y":-229,"color":"#D9D9D9"},{"text":"Lunch\r\n,","start":"11:20","end":"11:50","x":37,"y":-298,"color":"#D9D9D9"},{"text":"MENTOR\r\nANDSU,SELHA\r\nH305,","start":"12:00","end":"12:30","x":133,"y":-348,"color":"#D9D9D9"},{"text":"RELREL01\r\nPERSU\r\nH305,","start":"12:30","end":"13:50","x":149,"y":-417,"color":"#D9D9D9"},{"text":"NAVNAT00S\r\nASAWA\r\nD308, ENGENG07\r\nHEJOM\r\nH417, MATMAT05\r\nDJOBR\r\nT218, ENTENR0\r\nPERSU\r\nH306,","start":"14:00","end":"15:30","x":84,"y":-535,"color":"#D9D9D9"}]},{"Header":"Fredag 27/2","Lessons":[{"text":"SAMSAM02\r\nANDSU\r\nH422,","start":"09:50","end":"11:00","x":150,"y":-210,"color":"#D9D9D9"},{"text":"Lunch\r\n,","start":"11:10","end":"11:40","x":37,"y":-285,"color":"#D9D9D9"},{"text":"SVESVE03 JOHLE H420,","start":"12:00","end":"13:10","x":26,"y":-374,"color":"#D9D9D9"},{"text":"SVASVA03 SELHA H415,","start":"12:00","end":"13:10","x":295,"y":-374,"color":"#D9D9D9"},{"text":"ENGENG07 MYPAL H417,","start":"13:20","end":"14:50","x":26,"y":-486,"color":"#D9D9D9"},{"text":"HÅLMIJ0 CARLI D207,","start":"13:20","end":"14:50","x":295,"y":-486,"color":"#D9D9D9"}]}],"Time":0,"ClassId":"NA12B","SchoolId":"89920","WeekNumber":9,"SchemeURLs":["http://www.novasoftware.se/ImgGen/schedulegenerator.aspx?format=pdf&schoolid=89920&id=NA12B&period=&week=9&width=1&height=1&day=1","http://www.novasoftware.se/ImgGen/schedulegenerator.aspx?format=pdf&schoolid=89920&id=NA12B&period=&week=9&width=1&height=1&day=2","http://www.novasoftware.se/ImgGen/schedulegenerator.aspx?format=pdf&schoolid=89920&id=NA12B&period=&week=9&width=1&height=1&day=4","http://www.novasoftware.se/ImgGen/schedulegenerator.aspx?format=pdf&schoolid=89920&id=NA12B&period=&week=9&width=1&height=1&day=8","http://www.novasoftware.se/ImgGen/schedulegenerator.aspx?format=pdf&schoolid=89920&id=NA12B&period=&week=9&width=1&height=1&day=16"],"Error":false,"ErrorMessage":null,"ErrorTrace":null}