{"Days":[{"Header":"Måndag 9/2","Lessons":[{"text":"MATMAT04\r\nSTALE\r\nT223,","start":"08:30","end":"09:30","x":152,"y":-104,"color":"#D9D9D9"},{"text":"NAVNAT00S\r\nASAWA\r\nD308, ENTENR0\r\nPERSU\r\nH306, ENGENG07\r\nHEJOM\r\nH418, MATMAT05\r\nDJOBR\r\nT223,","start":"10:00","end":"11:30","x":84,"y":-234,"color":"#D9D9D9"},{"text":"SVESVE03 INGEI H418,","start":"11:40","end":"12:50","x":26,"y":-348,"color":"#D9D9D9"},{"text":"SVASVA03 SELHA H415,","start":"11:40","end":"12:50","x":295,"y":-348,"color":"#D9D9D9"},{"text":"Lunch\r\n,","start":"13:00","end":"13:30","x":37,"y":-423,"color":"#D9D9D9"},{"text":"NAVNAT00S\r\nANDFR\r\nD304, ENGENG07\r\nFILJO\r\nH417, MATMAT05\r\nSTALE\r\nT223, MATMAT05\r\nTINBE\r\nT218,","start":"14:00","end":"15:30","x":84,"y":-535,"color":"#D9D9D9"}]},{"Header":"Tisdag 10/2","Lessons":[{"text":"HISHIS01b\r\nTHOLE\r\nH305,","start":"08:10","end":"09:10","x":148,"y":-79,"color":"#D9D9D9"},{"text":"MENTOR\r\nSTALE,ASAWA\r\nD304,","start":"09:20","end":"09:50","x":133,"y":-147,"color":"#D9D9D9"},{"text":"MATMAT04\r\nSTALE\r\nT223,","start":"10:30","end":"11:30","x":152,"y":-254,"color":"#D9D9D9"},{"text":"Lunch\r\n,","start":"11:40","end":"12:10","x":37,"y":-323,"color":"#D9D9D9"},{"text":"RELREL01\r\nPERSU\r\nH306,","start":"12:30","end":"14:00","x":149,"y":-423,"color":"#D9D9D9"},{"text":"IV ,","start":"14:30","end":"16:00","x":105,"y":-574,"color":"#D9D9D9"},{"text":"MATMAT05 VIVNY H422,","start":"14:30","end":"16:00","x":374,"y":-574,"color":"#D9D9D9"},{"text":"DAODAT0 DAHJO T221,","start":"14:30","end":"16:00","x":195,"y":-575,"color":"#D9D9D9"},{"text":"ENGENG07 HEJOM H417,","start":"14:30","end":"16:00","x":285,"y":-575,"color":"#D9D9D9"},{"text":"IDRIDR02 BOJAC VAHA,P3,F4","start":"16:40","end":"18:10","x":464,"y":-587,"color":"#D9D9D9"},{"text":"CADCAD02 ALFWI M2,","start":"14:30","end":"18:30","x":16,"y":-593,"color":"#D9D9D9"}]},{"Header":"Onsdag 11/2","Lessons":[{"text":"NAVNAT00S\r\nANDFR\r\nD304, MATMAT05\r\nSTALE\r\nT223, ENGENG07\r\nFILJO\r\nH417, MATMAT05\r\nTINBE\r\nT215,","start":"08:10","end":"09:40","x":84,"y":-97,"color":"#D9D9D9"},{"text":"MATMAT04\r\nSTALE\r\nT223,","start":"10:10","end":"11:10","x":152,"y":-229,"color":"#D9D9D9"},{"text":"HISHIS01b\r\nTHOLE\r\nH306,","start":"12:00","end":"13:00","x":148,"y":-367,"color":"#D9D9D9"},{"text":"Sv stöd\r\nINGEI\r\nH309,","start":"13:10","end":"14:10","x":144,"y":-455,"color":"#D9D9D9"}]},{"Header":"Torsdag 12/2","Lessons":[{"text":"MATMAT05 VIVNY D221,","start":"08:10","end":"09:40","x":285,"y":-97,"color":"#D9D9D9"},{"text":"IDRIDR02 BOJAC  VAHB, F11,P12","start":"08:10","end":"09:40","x":374,"y":-97,"color":"#D9D9D9"},{"text":"IV ,","start":"08:10","end":"09:40","x":16,"y":-98,"color":"#D9D9D9"},{"text":"DAODAT0 DAHJO T221,","start":"08:10","end":"09:40","x":105,"y":-98,"color":"#D9D9D9"},{"text":"ENGENG07 HEJOM H417,","start":"08:10","end":"09:40","x":195,"y":-98,"color":"#D9D9D9"},{"text":"CADCAD02 ALFWI M2,","start":"08:10","end":"09:40","x":464,"y":-98,"color":"#D9D9D9"},{"text":"MATMAT04\r\nSTALE\r\nT223,","start":"10:10","end":"11:10","x":152,"y":-229,"color":"#D9D9D9"},{"text":"Lunch\r\n,","start":"11:20","end":"11:50","x":37,"y":-298,"color":"#D9D9D9"},{"text":"GA\r\n,","start":"12:30","end":"13:50","x":37,"y":-417,"color":"#D9D9D9"},{"text":"NAVNAT00S\r\nASAWA\r\nD308, ENGENG07\r\nHEJOM\r\nH417, MATMAT05\r\nDJOBR\r\nT218, ENTENR0\r\nPERSU\r\nH306,","start":"14:00","end":"15:30","x":84,"y":-535,"color":"#D9D9D9"}]},{"Header":"Fredag 13/2","Lessons":[{"text":"HISHIS01b\r\nTHOLE\r\nH406,","start":"10:10","end":"11:20","x":148,"y":-235,"color":"#D9D9D9"},{"text":"Lunch\r\n,","start":"11:20","end":"11:50","x":37,"y":-298,"color":"#D9D9D9"},{"text":"SVESVE03 INGEI H406,","start":"12:00","end":"13:10","x":26,"y":-374,"color":"#D9D9D9"},{"text":"SVASVA03 SELHA H415,","start":"12:00","end":"13:10","x":295,"y":-374,"color":"#D9D9D9"},{"text":"RELREL01\r\nPERSU\r\nH308,","start":"13:20","end":"14:50","x":149,"y":-486,"color":"#D9D9D9"}]}],"Time":0,"ClassId":"NA12A","SchoolId":"89920","WeekNumber":7,"SchemeURLs":["http://www.novasoftware.se/ImgGen/schedulegenerator.aspx?format=pdf&schoolid=89920&id=NA12A&period=&week=7&width=1&height=1&day=1","http://www.novasoftware.se/ImgGen/schedulegenerator.aspx?format=pdf&schoolid=89920&id=NA12A&period=&week=7&width=1&height=1&day=2","http://www.novasoftware.se/ImgGen/schedulegenerator.aspx?format=pdf&schoolid=89920&id=NA12A&period=&week=7&width=1&height=1&day=4","http://www.novasoftware.se/ImgGen/schedulegenerator.aspx?format=pdf&schoolid=89920&id=NA12A&period=&week=7&width=1&height=1&day=8","http://www.novasoftware.se/ImgGen/schedulegenerator.aspx?format=pdf&schoolid=89920&id=NA12A&period=&week=7&width=1&height=1&day=16"],"Error":false,"ErrorMessage":null,"ErrorTrace":null}