{"Days":[{"Header":"Måndag 23/2","Lessons":[{"text":"MODFRA04\r\nJOHLE\r\nH420, MODSPA04\r\nARIVA\r\nH406, MODDEU04\r\nINGES\r\nH418,","start":"08:10","end":"09:40","x":82,"y":-97,"color":"#D9D9D9"},{"text":"MATMAT04 ANDSJ T416,","start":"10:00","end":"11:00","x":26,"y":-217,"color":"#D9D9D9"},{"text":"MATMAT03c CHHJO T219,","start":"10:00","end":"11:00","x":295,"y":-217,"color":"#D9D9D9"},{"text":"BIOBIO02\r\nCARLI\r\nD221,","start":"11:20","end":"12:20","x":149,"y":-317,"color":"#D9D9D9"},{"text":"Lunch\r\n,","start":"12:30","end":"13:00","x":37,"y":-385,"color":"#D9D9D9"},{"text":"ENGENG06\r\nMYPAL\r\nH418,","start":"13:00","end":"14:00","x":150,"y":-442,"color":"#D9D9D9"},{"text":"SVESVE02 THOLE H306,","start":"14:20","end":"15:30","x":26,"y":-549,"color":"#D9D9D9"},{"text":"SVASVA02 SELHA H309,","start":"14:20","end":"15:30","x":295,"y":-549,"color":"#D9D9D9"}]},{"Header":"Tisdag 24/2","Lessons":[{"text":"BIOBIT0\r\nMARLU\r\nD308, HÅLHÅB0\r\nTHETU\r\nH308, PRRPRR01\r\nNIKGY\r\nT417,","start":"08:10","end":"09:30","x":78,"y":-91,"color":"#D9D9D9"},{"text":"ENGENG06\r\nMYPAL\r\nH406,","start":"09:50","end":"10:50","x":150,"y":-204,"color":"#D9D9D9"},{"text":"BIOBIO02\r\nCARLI\r\nD221,","start":"11:00","end":"12:00","x":149,"y":-292,"color":"#D9D9D9"},{"text":"Lunch\r\n,","start":"12:15","end":"12:45","x":37,"y":-367,"color":"#D9D9D9"},{"text":"KEMKEM02\r\nANDFR,LENSU\r\nD304,","start":"12:50","end":"13:50","x":138,"y":-429,"color":"#D9D9D9"},{"text":"IV ,","start":"14:30","end":"16:00","x":123,"y":-574,"color":"#D9D9D9"},{"text":"BIOBIT0 MARLU D308,","start":"14:30","end":"16:00","x":231,"y":-574,"color":"#D9D9D9"},{"text":"WEBWEB01 JOHKE T318,","start":"14:30","end":"16:00","x":338,"y":-574,"color":"#D9D9D9"},{"text":"IDRIDR02 BOJAC VAHA,P3,F4","start":"14:40","end":"16:10","x":446,"y":-586,"color":"#D9D9D9"},{"text":"CADCAD02 ALFWI M2,","start":"14:30","end":"16:30","x":16,"y":-592,"color":"#D9D9D9"}]},{"Header":"Onsdag 25/2","Lessons":[{"text":"SVESVE02 THOLE H306,","start":"08:10","end":"09:20","x":26,"y":-85,"color":"#D9D9D9"},{"text":"SVASVA02 SELHA H415,","start":"08:10","end":"09:20","x":295,"y":-85,"color":"#D9D9D9"},{"text":"MATMAT04\r\nANDSJ\r\nT215,","start":"09:50","end":"10:50","x":152,"y":-204,"color":"#D9D9D9"},{"text":"FYSFYS02\r\nANDSJ\r\nT219,","start":"11:00","end":"12:00","x":150,"y":-292,"color":"#D9D9D9"},{"text":"Lunch\r\n,","start":"12:10","end":"12:40","x":37,"y":-360,"color":"#D9D9D9"},{"text":"MODFRA04\r\nJOHLE\r\nH420, MODSPA04\r\nARIVA\r\nH406, MODDEU04\r\nINGES\r\nH418,","start":"13:00","end":"14:20","x":82,"y":-454,"color":"#D9D9D9"},{"text":"Studietid\r\n,","start":"14:30","end":"17:00","x":37,"y":-611,"color":"#D9D9D9"}]},{"Header":"Torsdag 26/2","Lessons":[{"text":"BIOBIT0 MARLU D308,","start":"08:10","end":"09:40","x":16,"y":-97,"color":"#D9D9D9"},{"text":"CADCAD02 ALFWI M2,","start":"08:10","end":"09:40","x":338,"y":-97,"color":"#D9D9D9"},{"text":"WEBWEB01 JOHKE T318,","start":"08:10","end":"09:40","x":446,"y":-97,"color":"#D9D9D9"},{"text":"IV ,","start":"08:10","end":"09:40","x":123,"y":-98,"color":"#D9D9D9"},{"text":"IDRIDR02 BOJAC VAHB,F11,P12","start":"08:10","end":"09:40","x":231,"y":-98,"color":"#D9D9D9"},{"text":"KEMKEM02 ANDFR,LENSU D317,","start":"10:10","end":"11:30","x":26,"y":-242,"color":"#D9D9D9"},{"text":"FYSFYS02 ANDSJ T315,","start":"10:10","end":"11:30","x":295,"y":-242,"color":"#D9D9D9"},{"text":"KEMKEM02 ANDFR,LENSU D317,","start":"11:40","end":"13:00","x":26,"y":-355,"color":"#D9D9D9"},{"text":"FYSFYS02 ANDSJ T315,","start":"11:40","end":"13:00","x":295,"y":-355,"color":"#D9D9D9"},{"text":"Lunch\r\n,","start":"13:00","end":"13:30","x":37,"y":-423,"color":"#D9D9D9"},{"text":"MATMAT04 ANDSJ T417,","start":"13:40","end":"14:40","x":26,"y":-492,"color":"#D9D9D9"},{"text":"MATMAT03c CHHJO T312,","start":"13:40","end":"14:40","x":295,"y":-492,"color":"#D9D9D9"},{"text":"KEMKEM02\r\nANDFR,LENSU\r\nD304,","start":"14:50","end":"15:50","x":138,"y":-580,"color":"#D9D9D9"}]},{"Header":"Fredag 27/2","Lessons":[{"text":"SVASVA02 SELHA H415,","start":"08:10","end":"09:20","x":26,"y":-85,"color":"#D9D9D9"},{"text":"SVESVE02 THOLE H306,","start":"08:10","end":"09:20","x":295,"y":-85,"color":"#D9D9D9"},{"text":"BIOBIO02\r\nCARLI\r\nD221,","start":"09:40","end":"10:40","x":149,"y":-191,"color":"#D9D9D9"},{"text":"MENTOR\r\nMYPAL,ANDSJ\r\nT312,","start":"10:50","end":"11:20","x":133,"y":-260,"color":"#D9D9D9"},{"text":"FYSFYS02\r\nANDSJ\r\nT312,","start":"11:30","end":"12:30","x":150,"y":-329,"color":"#D9D9D9"},{"text":"Lunch\r\n,","start":"12:40","end":"13:10","x":37,"y":-398,"color":"#D9D9D9"},{"text":"MATMAT03c CHHJO H422,","start":"13:30","end":"14:30","x":26,"y":-480,"color":"#D9D9D9"},{"text":"MATMAT04 ANDSJ T219,","start":"13:30","end":"14:30","x":295,"y":-480,"color":"#D9D9D9"},{"text":"HÅLHÅB0\r\nTHETU\r\nH309, PRRPRR01\r\nNIKGY\r\nT417, BIOBIT0\r\nMARLU\r\nD308,","start":"14:40","end":"16:00","x":78,"y":-580,"color":"#D9D9D9"}]}],"Time":0,"ClassId":"NA13C","SchoolId":"89920","WeekNumber":9,"SchemeURLs":["http://www.novasoftware.se/ImgGen/schedulegenerator.aspx?format=pdf&schoolid=89920&id=NA13C&period=&week=9&width=1&height=1&day=1","http://www.novasoftware.se/ImgGen/schedulegenerator.aspx?format=pdf&schoolid=89920&id=NA13C&period=&week=9&width=1&height=1&day=2","http://www.novasoftware.se/ImgGen/schedulegenerator.aspx?format=pdf&schoolid=89920&id=NA13C&period=&week=9&width=1&height=1&day=4","http://www.novasoftware.se/ImgGen/schedulegenerator.aspx?format=pdf&schoolid=89920&id=NA13C&period=&week=9&width=1&height=1&day=8","http://www.novasoftware.se/ImgGen/schedulegenerator.aspx?format=pdf&schoolid=89920&id=NA13C&period=&week=9&width=1&height=1&day=16"],"Error":false,"ErrorMessage":null,"ErrorTrace":null}