{"Days":[{"Header":"Måndag 9/2","Lessons":[{"text":"Block\r\nANDSU,DJOBR\r\nM1,","start":"08:10","end":"09:50","x":129,"y":-104,"color":"#D9D9D9"},{"text":"ENGENG05\r\nINGES\r\nH417,","start":"10:00","end":"11:00","x":152,"y":-216,"color":"#D9D9D9"},{"text":"Lunch\r\n,","start":"11:10","end":"11:40","x":37,"y":-285,"color":"#D9D9D9"},{"text":"MATMAT01c\r\nDJOBR\r\nT223,","start":"12:10","end":"13:10","x":153,"y":-379,"color":"#D9D9D9"},{"text":"MENTOR\r\nDJOBR,TINBE\r\nT223,","start":"13:10","end":"13:40","x":135,"y":-436,"color":"#D9D9D9"},{"text":"FYSFYS01a\r\nELIIV,VIVNY\r\nT312,","start":"14:10","end":"15:10","x":140,"y":-530,"color":"#D9D9D9"}]},{"Header":"Tisdag 10/2","Lessons":[{"text":"MODFRE03\r\nJOHLE\r\nH420, MODDEU03\r\nINGES\r\nH418, MODSPA03\r\nARIVA\r\nH406,","start":"08:10","end":"09:40","x":82,"y":-97,"color":"#D9D9D9"},{"text":"SVA stöd SELHA H415,","start":"08:10","end":"09:40","x":374,"y":-97,"color":"#D9D9D9"},{"text":"SVESVE01\r\nLINES\r\nH308,","start":"10:10","end":"11:20","x":151,"y":-235,"color":"#D9D9D9"},{"text":"Lunch\r\n,","start":"11:30","end":"12:00","x":37,"y":-310,"color":"#D9D9D9"},{"text":"MATMAT01c\r\nDJOBR\r\nT219,","start":"12:20","end":"13:20","x":153,"y":-392,"color":"#D9D9D9"},{"text":"ENGENG05\r\nINGES\r\nH418,","start":"13:30","end":"14:30","x":152,"y":-480,"color":"#D9D9D9"},{"text":"HISHIS01a\r\nWICMA\r\nH306,","start":"14:40","end":"15:50","x":147,"y":-573,"color":"#D9D9D9"}]},{"Header":"Onsdag 11/2","Lessons":[{"text":"IDRIDR01\r\nBOJAC\r\nVAHB,P11,F12","start":"08:10","end":"09:30","x":132,"y":-91,"color":"#D9D9D9"},{"text":"ENGENG05\r\nINGES\r\nH422,","start":"10:10","end":"11:10","x":152,"y":-229,"color":"#D9D9D9"},{"text":"TEKTEK01\r\nANDSU\r\nH408,","start":"11:20","end":"12:20","x":149,"y":-317,"color":"#D9D9D9"},{"text":"Lunch\r\n,","start":"12:30","end":"13:00","x":37,"y":-385,"color":"#D9D9D9"},{"text":"SVESVE01\r\nLINES\r\nH408,","start":"13:10","end":"14:20","x":151,"y":-461,"color":"#D9D9D9"}]},{"Header":"Torsdag 12/2","Lessons":[{"text":"HISHIS01a\r\nWICMA\r\nH308,","start":"08:30","end":"09:40","x":147,"y":-110,"color":"#D9D9D9"},{"text":"MATMAT01c\r\nDJOBR\r\nT219,","start":"10:10","end":"11:10","x":153,"y":-229,"color":"#D9D9D9"},{"text":"Lunch\r\n,","start":"11:20","end":"11:50","x":37,"y":-298,"color":"#D9D9D9"},{"text":"IDRIDR01\r\nBOJAC\r\nVAHB,F11,P12","start":"12:30","end":"13:50","x":132,"y":-417,"color":"#D9D9D9"},{"text":"MODFRE03\r\nJOHLE\r\nH420, MODSPA03\r\nARIVA\r\nH406, MODDEU03\r\nINGES\r\nH418,","start":"14:30","end":"15:50","x":82,"y":-567,"color":"#D9D9D9"}]},{"Header":"Fredag 13/2","Lessons":[{"text":"TE-tid\r\n,","start":"08:10","end":"10:10","x":37,"y":-116,"color":"#D9D9D9"},{"text":"TEKTEK01\r\nDJOBR\r\nT218,","start":"10:20","end":"11:20","x":150,"y":-241,"color":"#D9D9D9"},{"text":"Lunch\r\n,","start":"11:35","end":"12:05","x":37,"y":-316,"color":"#D9D9D9"},{"text":"FYSFYS01a\r\nELIIV,VIVNY\r\nT219,","start":"12:10","end":"13:10","x":140,"y":-379,"color":"#D9D9D9"},{"text":"SVESVE01\r\nLINES\r\nH420,","start":"13:20","end":"14:30","x":151,"y":-473,"color":"#D9D9D9"},{"text":"MATMAT01c\r\nDJOBR\r\nT416,","start":"14:40","end":"15:40","x":153,"y":-567,"color":"#D9D9D9"}]}],"Time":0,"ClassId":"TE14F","SchoolId":"89920","WeekNumber":7,"SchemeURLs":["http://www.novasoftware.se/ImgGen/schedulegenerator.aspx?format=pdf&schoolid=89920&id=TE14F&period=&week=7&width=1&height=1&day=1","http://www.novasoftware.se/ImgGen/schedulegenerator.aspx?format=pdf&schoolid=89920&id=TE14F&period=&week=7&width=1&height=1&day=2","http://www.novasoftware.se/ImgGen/schedulegenerator.aspx?format=pdf&schoolid=89920&id=TE14F&period=&week=7&width=1&height=1&day=4","http://www.novasoftware.se/ImgGen/schedulegenerator.aspx?format=pdf&schoolid=89920&id=TE14F&period=&week=7&width=1&height=1&day=8","http://www.novasoftware.se/ImgGen/schedulegenerator.aspx?format=pdf&schoolid=89920&id=TE14F&period=&week=7&width=1&height=1&day=16"],"Error":false,"ErrorMessage":null,"ErrorTrace":null}