{"Days":[{"Header":"Måndag 2/3","Lessons":[{"text":"CADCAD02\r\nALFWI\r\nM2,","start":"08:10","end":"09:40","x":155,"y":-97,"color":"#D9D9D9"},{"text":"MATMAT04 ANDDA H422,","start":"10:00","end":"11:00","x":295,"y":-217,"color":"#D9D9D9"},{"text":"ENTENR0 PERSU H306,","start":"10:00","end":"11:30","x":26,"y":-235,"color":"#D9D9D9"},{"text":"Lunch\r\n,","start":"11:40","end":"12:10","x":37,"y":-323,"color":"#D9D9D9"},{"text":"DESDES0 MIANO B202,","start":"12:20","end":"13:40","x":26,"y":-405,"color":"#D9D9D9"},{"text":"KOTKOS02 ALFWI M1,M2,","start":"12:20","end":"13:40","x":295,"y":-405,"color":"#D9D9D9"},{"text":"SVESVE03\r\nINGEI\r\nH308,","start":"14:00","end":"15:10","x":151,"y":-523,"color":"#D9D9D9"},{"text":"ARKARI0\r\nMIANO\r\nB102,H407,","start":"15:30","end":"16:30","x":137,"y":-630,"color":"#D9D9D9"}]},{"Header":"Tisdag 3/3","Lessons":[{"text":"En7-prov\r\n,","start":"08:10","end":"10:10","x":37,"y":-116,"color":"#D9D9D9"},{"text":"SAMSAM01\r\nWICMA\r\nH305,","start":"10:30","end":"11:50","x":150,"y":-266,"color":"#D9D9D9"},{"text":"Lunch\r\n,","start":"11:50","end":"12:20","x":37,"y":-335,"color":"#D9D9D9"},{"text":"DESDES02 MADDA,MARMO B202,","start":"12:30","end":"14:00","x":26,"y":-423,"color":"#D9D9D9"},{"text":"HÅLMIJ0 CARLI D221,","start":"12:30","end":"14:00","x":295,"y":-423,"color":"#D9D9D9"},{"text":"IV ,","start":"14:30","end":"16:00","x":16,"y":-574,"color":"#D9D9D9"},{"text":"ENGENG07 HEJOM H417,","start":"14:30","end":"16:00","x":195,"y":-574,"color":"#D9D9D9"},{"text":"MATMAT05 VIVNY H422,","start":"14:30","end":"16:00","x":374,"y":-574,"color":"#D9D9D9"}]},{"Header":"Onsdag 4/3","Lessons":[{"text":"DESDES0\r\nMIANO\r\nB202,","start":"08:10","end":"09:30","x":147,"y":-91,"color":"#D9D9D9"},{"text":"SAMSAM01\r\nWICMA\r\nH305,","start":"09:50","end":"11:10","x":150,"y":-216,"color":"#D9D9D9"},{"text":"SVESVE03\r\nINGEI\r\nH309,","start":"11:20","end":"12:30","x":151,"y":-323,"color":"#D9D9D9"},{"text":"Lunch\r\n,","start":"12:40","end":"13:10","x":37,"y":-398,"color":"#D9D9D9"},{"text":"MATMAT04\r\nANDDA\r\nT215,","start":"13:20","end":"14:20","x":150,"y":-467,"color":"#D9D9D9"},{"text":"GA B202,","start":"14:30","end":"17:00","x":26,"y":-612,"color":"#D9D9D9"},{"text":"Studietid ,","start":"14:30","end":"17:00","x":295,"y":-612,"color":"#D9D9D9"}]},{"Header":"Torsdag 5/3","Lessons":[{"text":"ENGENG07 HEJOM H417,","start":"08:10","end":"09:40","x":195,"y":-97,"color":"#D9D9D9"},{"text":"MATMAT05 VIVNY D221,","start":"08:10","end":"09:40","x":374,"y":-97,"color":"#D9D9D9"},{"text":"IV ,","start":"08:10","end":"09:40","x":16,"y":-98,"color":"#D9D9D9"},{"text":"GA\r\n,","start":"10:10","end":"12:50","x":37,"y":-291,"color":"#D9D9D9"},{"text":"Lunch\r\n,","start":"12:50","end":"13:20","x":37,"y":-410,"color":"#D9D9D9"},{"text":"ENTENR0 PERSU H306,","start":"14:10","end":"15:20","x":26,"y":-536,"color":"#D9D9D9"},{"text":"MATMAT04 ANDDA D228,","start":"14:10","end":"15:20","x":295,"y":-536,"color":"#D9D9D9"}]},{"Header":"Fredag 6/3","Lessons":[{"text":"SVESVE03\r\nINGEI\r\nH308,","start":"08:10","end":"09:20","x":151,"y":-85,"color":"#D9D9D9"},{"text":"ARKARI0 MIANO B202,M2,","start":"09:40","end":"11:30","x":26,"y":-223,"color":"#D9D9D9"},{"text":"KOTKOS02 ALFWI M1,","start":"10:00","end":"11:30","x":295,"y":-235,"color":"#D9D9D9"},{"text":"MENTOR\r\nANDDA,MIANO\r\nM1,","start":"11:40","end":"12:10","x":135,"y":-323,"color":"#D9D9D9"},{"text":"Lunch\r\n,","start":"12:20","end":"12:50","x":37,"y":-373,"color":"#D9D9D9"},{"text":"DESDES02 MADDA,MARMO B202,","start":"13:20","end":"14:40","x":295,"y":-480,"color":"#D9D9D9"},{"text":"HÅLMIJ0 CARLI D207,","start":"13:20","end":"14:50","x":26,"y":-486,"color":"#D9D9D9"},{"text":"CADCAD02\r\nALFWI\r\nM2,","start":"15:00","end":"16:30","x":155,"y":-611,"color":"#D9D9D9"}]}],"Time":0,"ClassId":"TE12D","SchoolId":"89920","WeekNumber":10,"SchemeURLs":["http://www.novasoftware.se/ImgGen/schedulegenerator.aspx?format=pdf&schoolid=89920&id=TE12D&period=&week=10&width=1&height=1&day=1","http://www.novasoftware.se/ImgGen/schedulegenerator.aspx?format=pdf&schoolid=89920&id=TE12D&period=&week=10&width=1&height=1&day=2","http://www.novasoftware.se/ImgGen/schedulegenerator.aspx?format=pdf&schoolid=89920&id=TE12D&period=&week=10&width=1&height=1&day=4","http://www.novasoftware.se/ImgGen/schedulegenerator.aspx?format=pdf&schoolid=89920&id=TE12D&period=&week=10&width=1&height=1&day=8","http://www.novasoftware.se/ImgGen/schedulegenerator.aspx?format=pdf&schoolid=89920&id=TE12D&period=&week=10&width=1&height=1&day=16"],"Error":false,"ErrorMessage":null,"ErrorTrace":null}