{"Days":[{"Header":"Måndag 9/2","Lessons":[{"text":"MATMAT01c ANDSJ T311,","start":"08:10","end":"09:10","x":26,"y":-79,"color":"#D9D9D9"},{"text":"MATMAT02c NIKGY T413,","start":"08:10","end":"09:10","x":295,"y":-79,"color":"#D9D9D9"},{"text":"MENTOR\r\nNIKGY,PERSU\r\nT413,","start":"09:10","end":"09:40","x":134,"y":-135,"color":"#D9D9D9"},{"text":"SAMSAM01\r\nWICMA\r\nH309,","start":"09:50","end":"11:00","x":150,"y":-210,"color":"#D9D9D9"},{"text":"ENGENG05\r\nMYPAL\r\nH417,","start":"11:10","end":"12:10","x":150,"y":-304,"color":"#D9D9D9"},{"text":"Lunch\r\n,","start":"12:20","end":"12:50","x":37,"y":-373,"color":"#D9D9D9"},{"text":"FYSFYS01a\r\nELIIV\r\nT312,","start":"13:00","end":"14:00","x":153,"y":-442,"color":"#D9D9D9"},{"text":"BIOBIO01\r\nCARLI\r\nD207,","start":"14:10","end":"15:30","x":149,"y":-542,"color":"#D9D9D9"},{"text":"BIOBIO01\r\nCARLI\r\nD207,","start":"15:40","end":"17:00","x":149,"y":-655,"color":"#D9D9D9"}]},{"Header":"Tisdag 10/2","Lessons":[{"text":"MODFRE03\r\nJOHLE\r\nH420, MODDEU01\r\nEVALO\r\nH409, MODDEU03\r\nINGES\r\nH418, MODSPA03\r\nARIVA\r\nH406, MODSPA03\r\nSANGR\r\nH422,","start":"08:10","end":"09:40","x":82,"y":-97,"color":"#D9D9D9"},{"text":"SVA stöd SELHA H415,","start":"08:10","end":"09:40","x":374,"y":-97,"color":"#D9D9D9"},{"text":"SVASVA01 SELHA H415,","start":"10:10","end":"11:20","x":26,"y":-236,"color":"#D9D9D9"},{"text":"SVESVE01 THOLE H306,","start":"10:10","end":"11:20","x":295,"y":-236,"color":"#D9D9D9"},{"text":"Lunch\r\n,","start":"11:25","end":"11:55","x":37,"y":-304,"color":"#D9D9D9"},{"text":"IDRIDR01\r\nBOJAC\r\nVAHE,P3,F4","start":"12:00","end":"13:20","x":136,"y":-379,"color":"#D9D9D9"},{"text":"KEMKEM01\r\nANDFR\r\nD304,","start":"13:40","end":"14:40","x":151,"y":-492,"color":"#D9D9D9"},{"text":"ENGENG05\r\nMYPAL\r\nH418,","start":"14:50","end":"15:50","x":150,"y":-580,"color":"#D9D9D9"}]},{"Header":"Onsdag 11/2","Lessons":[{"text":"BIOBIO01\r\nCARLI\r\nD221,","start":"08:10","end":"09:10","x":149,"y":-79,"color":"#D9D9D9"},{"text":"IDRIDR01\r\nBOJAC\r\nVAHB,P11,F12","start":"09:40","end":"11:00","x":132,"y":-204,"color":"#D9D9D9"},{"text":"Lunch\r\n,","start":"11:10","end":"11:40","x":37,"y":-285,"color":"#D9D9D9"},{"text":"KEMKEM01\r\nANDFR\r\nD304,","start":"12:00","end":"13:00","x":151,"y":-367,"color":"#D9D9D9"},{"text":"SVASVA01 SELHA H415,","start":"13:10","end":"14:20","x":26,"y":-461,"color":"#D9D9D9"},{"text":"SVESVE01 THOLE H409,","start":"13:10","end":"14:20","x":295,"y":-461,"color":"#D9D9D9"},{"text":"Kemiprov\r\nT215,","start":"14:30","end":"17:00","x":37,"y":-611,"color":"#D9D9D9"}]},{"Header":"Torsdag 12/2","Lessons":[{"text":"KEMKEM01\r\nANDFR\r\nD304,","start":"08:40","end":"09:40","x":151,"y":-116,"color":"#D9D9D9"},{"text":"MATMAT02c\r\nNIKGY\r\nT416,","start":"10:10","end":"11:10","x":153,"y":-229,"color":"#D9D9D9"},{"text":"FYSFYS01a\r\nELIIV\r\nT219,","start":"11:20","end":"12:20","x":153,"y":-317,"color":"#D9D9D9"},{"text":"Lunch\r\n,","start":"12:30","end":"13:00","x":37,"y":-385,"color":"#D9D9D9"},{"text":"ENGENG05\r\nMYPAL\r\nH418,","start":"13:10","end":"14:10","x":150,"y":-455,"color":"#D9D9D9"},{"text":"MODFRE03\r\nJOHLE\r\nH420, MODSPA03\r\nARIVA\r\nH406, MODSPA03\r\nSANGR\r\nH422, MODDEU01\r\nEVALO\r\nH409, MODDEU03\r\nINGES\r\nH418,","start":"14:30","end":"15:50","x":82,"y":-567,"color":"#D9D9D9"}]},{"Header":"Fredag 13/2","Lessons":[{"text":"BIOBIO01\r\nCARLI\r\nD228,","start":"08:10","end":"09:10","x":149,"y":-79,"color":"#D9D9D9"},{"text":"MATMAT01c ANDSJ T311,","start":"09:20","end":"10:20","x":26,"y":-166,"color":"#D9D9D9"},{"text":"MATMAT02c NIKGY T416,","start":"09:20","end":"10:20","x":295,"y":-166,"color":"#D9D9D9"},{"text":"MATMAT01c ANDSJ T311,","start":"10:20","end":"11:20","x":26,"y":-242,"color":"#D9D9D9"},{"text":"MATMAT02c NIKGY T416,","start":"10:20","end":"11:20","x":295,"y":-242,"color":"#D9D9D9"},{"text":"Lunch\r\n,","start":"11:20","end":"11:50","x":37,"y":-298,"color":"#D9D9D9"},{"text":"SAMSAM01\r\nWICMA\r\nH309,","start":"12:00","end":"13:10","x":150,"y":-373,"color":"#D9D9D9"},{"text":"SVESVE01 THOLE H306,","start":"13:20","end":"14:30","x":26,"y":-474,"color":"#D9D9D9"},{"text":"SVASVA01 SELHA H415,","start":"13:20","end":"14:30","x":295,"y":-474,"color":"#D9D9D9"},{"text":"FYSFYS01a\r\nELIIV\r\nT312,","start":"14:40","end":"15:40","x":153,"y":-567,"color":"#D9D9D9"}]}],"Time":0,"ClassId":"NA14C","SchoolId":"89920","WeekNumber":7,"SchemeURLs":["http://www.novasoftware.se/ImgGen/schedulegenerator.aspx?format=pdf&schoolid=89920&id=NA14C&period=&week=7&width=1&height=1&day=1","http://www.novasoftware.se/ImgGen/schedulegenerator.aspx?format=pdf&schoolid=89920&id=NA14C&period=&week=7&width=1&height=1&day=2","http://www.novasoftware.se/ImgGen/schedulegenerator.aspx?format=pdf&schoolid=89920&id=NA14C&period=&week=7&width=1&height=1&day=4","http://www.novasoftware.se/ImgGen/schedulegenerator.aspx?format=pdf&schoolid=89920&id=NA14C&period=&week=7&width=1&height=1&day=8","http://www.novasoftware.se/ImgGen/schedulegenerator.aspx?format=pdf&schoolid=89920&id=NA14C&period=&week=7&width=1&height=1&day=16"],"Error":false,"ErrorMessage":null,"ErrorTrace":null}