{"Days":[{"Header":"Måndag 9/2","Lessons":[{"text":"GYMGYM0\r\nNILWI\r\nT412,","start":"08:10","end":"09:40","x":152,"y":-97,"color":"#D9D9D9"},{"text":"GYMGYM0\r\nNILWI\r\nT412,","start":"10:00","end":"11:40","x":152,"y":-241,"color":"#D9D9D9"},{"text":"Lunch\r\n,","start":"11:50","end":"12:20","x":37,"y":-335,"color":"#D9D9D9"},{"text":"INONAT0\r\nVICDE\r\nT412,","start":"12:30","end":"14:10","x":148,"y":-429,"color":"#D9D9D9"},{"text":"INONAT0\r\nVICDE\r\nT412,","start":"14:30","end":"16:00","x":148,"y":-574,"color":"#D9D9D9"}]},{"Header":"Tisdag 10/2","Lessons":[{"text":"EXART4\r\nNILWI,VICDE\r\nT412,","start":"08:10","end":"09:30","x":134,"y":-91,"color":"#D9D9D9"},{"text":"INONAT0\r\nVICDE\r\nT412,","start":"09:50","end":"11:30","x":148,"y":-229,"color":"#D9D9D9"},{"text":"Lunch\r\n,","start":"11:40","end":"12:10","x":37,"y":-323,"color":"#D9D9D9"},{"text":"INONAT0\r\nVICDE\r\nT412,","start":"12:40","end":"14:10","x":148,"y":-436,"color":"#D9D9D9"},{"text":"INONAT0\r\nVICDE\r\nT412,","start":"14:30","end":"16:00","x":148,"y":-574,"color":"#D9D9D9"}]},{"Header":"Onsdag 11/2","Lessons":[{"text":"GYMGYM0\r\nNILWI\r\nT412,","start":"08:10","end":"09:40","x":152,"y":-97,"color":"#D9D9D9"},{"text":"INONAT0\r\nDAHJO\r\nT412,","start":"10:00","end":"11:40","x":147,"y":-241,"color":"#D9D9D9"},{"text":"Lunch\r\n,","start":"11:50","end":"12:20","x":37,"y":-335,"color":"#D9D9D9"},{"text":"INONAT0\r\nDAHJO\r\nT412,","start":"12:30","end":"14:00","x":147,"y":-423,"color":"#D9D9D9"},{"text":"INONAT0\r\nDAHJO\r\nT412,","start":"14:20","end":"15:50","x":147,"y":-561,"color":"#D9D9D9"}]},{"Header":"Torsdag 12/2","Lessons":[{"text":"GYMGYM0\r\nNILWI\r\nT412,","start":"08:10","end":"09:40","x":152,"y":-97,"color":"#D9D9D9"},{"text":"INONAT0\r\nDAHJO\r\nT412,","start":"10:00","end":"11:30","x":147,"y":-235,"color":"#D9D9D9"},{"text":"Lunch\r\n,","start":"11:40","end":"12:10","x":37,"y":-323,"color":"#D9D9D9"},{"text":"INONAT0\r\nDAHJO\r\nT412,","start":"12:20","end":"13:50","x":147,"y":-411,"color":"#D9D9D9"},{"text":"GYMGYM0\r\nANDSU\r\nT412,","start":"14:10","end":"15:40","x":150,"y":-549,"color":"#D9D9D9"}]},{"Header":"Fredag 13/2","Lessons":[{"text":"EXART4\r\n,","start":"08:10","end":"16:00","x":37,"y":-336,"color":"#D9D9D9"}]}],"Time":0,"ClassId":"T414","SchoolId":"89920","WeekNumber":7,"SchemeURLs":["http://www.novasoftware.se/ImgGen/schedulegenerator.aspx?format=pdf&schoolid=89920&id=T414&period=&week=7&width=1&height=1&day=1","http://www.novasoftware.se/ImgGen/schedulegenerator.aspx?format=pdf&schoolid=89920&id=T414&period=&week=7&width=1&height=1&day=2","http://www.novasoftware.se/ImgGen/schedulegenerator.aspx?format=pdf&schoolid=89920&id=T414&period=&week=7&width=1&height=1&day=4","http://www.novasoftware.se/ImgGen/schedulegenerator.aspx?format=pdf&schoolid=89920&id=T414&period=&week=7&width=1&height=1&day=8","http://www.novasoftware.se/ImgGen/schedulegenerator.aspx?format=pdf&schoolid=89920&id=T414&period=&week=7&width=1&height=1&day=16"],"Error":false,"ErrorMessage":null,"ErrorTrace":null}